# of vertices,# of edges,ms for layout,norm(meanPos(vs)),norm(meanVel(vs)),maxPos(vertexSample),minPos(vertexSample),f0,epsR,K,d
100,100,37,4.448398966182404,1.5206102782887663,15.76667519149942,1.8121751053658501,1,0.001,1,0.85
100,100,11,4.54406197884114,0.8808150716771405,24.79771137728966,1.7174795135302903,1,0.001,1,0.85
100,100,19,4.5038845569975114,1.4528420306070968,30.29648636155053,2.2437571840561112,1,0.001,1,0.85
100,100,14,3.9242547475639835,0.7268435697225528,32.30587529307437,2.5901004472241684,1,0.001,1,0.85
100,100,10,5.79395629680389,2.945985348056861,24.72731714079043,1.0668581672948285,1,0.001,1,0.85
100,100,7,4.8557985492290285,2.795121326386038,29.04935888886873,2.786821691674753,1,0.001,1,0.85
100,100,6,4.445119459451848,2.595110914197238,33.392962091313905,1.0118228379173095,1,0.001,1,0.85
100,100,7,3.2573062059186504,0.8199713740081793,37.752637304651934,1.9684411229490923,1,0.001,1,0.85
100,100,9,3.229219526354656,1.725893451007974,87.75482942865558,3.007189808328202,1,0.001,1,0.85
100,100,8,6.525461121241804,1.9799433434789764,97.60382416491912,3.2611802854663816,1,0.001,1,0.85
100,100,7,3.1914826188378274,1.8841394211756772,50.89798078626151,3.965144056136633,1,0.001,1,0.85
100,100,6,3.4065488447494006,2.7471283144258507,117.30592395203584,1.3066289066468544,1,0.001,1,0.85
100,100,7,3.44101854996394,1.0262979708810593,49.20431079894011,2.4713119171563127,1,0.001,1,0.85
100,100,8,3.6699092277919574,1.7257170417874377,64.10549683838299,2.285083870658073,1,0.001,1,0.85
100,100,7,2.482257135222639,1.9185138616400392,68.51706743822282,2.2236595791720575,1,0.001,1,0.85
100,100,8,3.9268231425953957,1.030058221468229,156.7212947407511,2.8597962146857188,1,0.001,1,0.85
100,100,7,4.302380420006623,1.5341576387706088,77.35033516557286,4.780884961304094,1,0.001,1,0.85
100,100,7,1.8877699594322392,2.412139688218922,176.43276679269377,4.0202288995867645,1,0.001,1,0.85
100,100,7,4.440093472527232,1.901707906529257,186.28920213375267,5.1915732280860585,1,0.001,1,0.85
100,100,8,4.700687674291355,1.6306245628288727,196.14603920755792,3.0048852707645453,1,0.001,1,0.85
100,100,12,9.358894258707519,1.1889069082279182,206.00323888298294,3.5946292151088146,1,0.001,1,0.85
100,100,7,4.455357336913947,2.3381075266942304,215.86076680839528,2.00088619128692,1,0.001,1,0.85
100,100,7,4.563209680766475,2.284113260452963,76.03745056835005,2.2019435387022606,1,0.001,1,0.85
100,100,11,8.85196180306169,1.463207641971294,108.34002940701586,2.876047475318556,1,0.001,1,0.85
100,100,7,5.802864038398143,2.5928970110365803,112.7737544400133,3.877799100996566,1,0.001,1,0.85
100,100,13,2.9359132161130166,1.872942144714473,255.29362369494027,3.219040173426205,1,0.001,1,0.85
100,100,8,6.448243806501724,2.0455657892381236,265.1524181972428,2.340960058945119,1,0.001,1,0.85
100,100,8,3.543980596709755,1.8258191086072002,92.33864164325816,2.3408728866994,1,0.001,1,0.85
100,100,8,4.981366537633447,1.1388046251466075,130.52031663901607,2.103377909871132,1,0.001,1,0.85
100,100,7,6.837367627604179,1.2840626527019934,294.7299344766061,1.5311771389209503,1,0.001,1,0.85
100,100,7,9.617515411945345,2.486205377786044,304.5894420730637,1.2121568084374792,1,0.001,1,0.85
100,100,8,5.342583606334174,2.543487133375409,314.4490995591817,2.443330488739539,1,0.001,1,0.85
100,100,7,5.439830999725638,1.6667614868105212,109.70383249453988,4.625626965079304,1,0.001,1,0.85
100,100,8,6.8600405842535155,3.107026439295476,152.7242633805579,4.504733610198079,1,0.001,1,0.85
100,100,6,6.62822418886609,2.0119026133242626,147.42569525513454,3.400261627708826,1,0.001,1,0.85
100,100,11,4.469008356280664,1.6779031789695389,151.90478913077413,4.25797164022673,1,0.001,1,0.85
100,100,11,6.1941411587923625,1.567704539716904,363.74934131528755,2.9442708277460765,1,0.001,1,0.85
100,100,7,8.269573749368712,2.1567790060316656,373.6097308633781,5.646240471594834,1,0.001,1,0.85
100,100,8,8.334864200317499,2.830666477908314,383.47022002638073,4.018306939933582,1,0.001,1,0.85
100,100,7,4.357560132391188,1.4878544177097608,169.82726832210258,5.538248858369501,1,0.001,1,0.85
100,100,7,5.568870553337886,2.323962225124036,403.1914773836621,5.727642568036507,1,0.001,1,0.85
100,100,9,6.913830190473432,2.7356280749975,413.05223664487335,5.178625185850229,1,0.001,1,0.85
100,100,8,7.192851707915918,2.069753861618695,422.9130774579117,5.04001746561923,1,0.001,1,0.85
100,100,10,14.308400845132251,1.6783463359739121,197.17930621210894,4.580184293421842,1,0.001,1,0.85
100,100,10,13.236308708851595,1.6396092746814173,442.6349891800462,5.268046454049683,1,0.001,1,0.85
100,100,8,7.905489012762329,1.2582755132369605,206.07586333528212,6.320580382112931,1,0.001,1,0.85
100,100,7,7.64135385245845,1.9423581419873177,201.21079447307648,5.080743963213154,1,0.001,1,0.85
100,100,8,10.29923840152572,1.1447525299439887,157.389619227026,4.476063714587486,1,0.001,1,0.85
100,100,17,11.587615810792927,2.656720225011788,482.0796443706266,6.677857172771571,1,0.001,1,0.85
100,100,7,9.328089101645002,2.4345908837553365,214.66686197552892,4.963400801894032,1,0.001,1,0.85
100,100,7,7.476672394375612,3.0038078055685666,501.80234323105947,2.8981870117061796,1,0.001,1,0.85
100,100,8,4.682867895777104,2.153088496188343,223.6392460322213,7.443156249376423,1,0.001,1,0.85
100,100,7,5.386077537618982,0.8851964236471604,177.39181027074096,3.2626595895598784,1,0.001,1,0.85
100,100,7,6.327771155521269,0.9385441477460134,531.3868017169282,4.043607266997837,1,0.001,1,0.85
100,100,17,11.321708539832315,1.614879248238133,246.12698538824844,5.385074952986127,1,0.001,1,0.85
100,100,7,5.558307929210021,2.113866347896338,241.58757776572858,3.9385166015667186,1,0.001,1,0.85
100,100,8,9.472827786879575,1.439758526400531,560.9717041513247,2.367799316864887,1,0.001,1,0.85
100,100,7,7.04119878572588,1.1382354646525135,250.56335504606574,4.759838873356792,1,0.001,1,0.85
100,100,7,12.31982337587679,0.7945418602453138,197.74652188119038,6.1382866626197226,1,0.001,1,0.85
100,100,8,10.51527798612471,1.0553450927953771,590.5570046018477,5.271017342827092,1,0.001,1,0.85
100,100,7,5.276007211439613,1.418748103680411,204.53471353686422,3.9838958512616194,1,0.001,1,0.85
100,100,17,3.8738003717664133,1.5963658641968215,277.2927836873119,4.817823159189968,1,0.001,1,0.85
100,100,8,10.936486487499852,3.4721492034295696,620.1426646260938,4.0398472093623035,1,0.001,1,0.85
100,100,7,15.354256674338556,3.286509838850926,630.0046253330461,2.7859510940691985,1,0.001,1,0.85
100,100,9,6.860851827930379,2.207901654107462,639.8666211519251,5.283403348263326,1,0.001,1,0.85
100,100,8,12.973753147675703,2.8874887790178914,286.47559996393073,9.371962587123889,1,0.001,1,0.85
100,100,8,6.593024703043106,0.624191373861803,659.5907138505523,9.307977830290774,1,0.001,1,0.85
100,100,6,8.371041518057089,0.9896276029848544,669.4528087037615,11.915050790469456,1,0.001,1,0.85
100,100,6,15.716029345094896,2.7660502423912976,299.94596397994155,9.39011675786376,1,0.001,1,0.85
100,100,8,17.111726344080836,1.6172731508944156,689.1770906691941,8.138154658476088,1,0.001,1,0.85
100,100,6,12.679776516293723,1.199742313206524,308.9270726360685,11.87818288077754,1,0.001,1,0.85
100,100,7,5.943481278176109,3.0560281133706786,708.9014898788893,8.429462811658818,1,0.001,1,0.85
100,100,8,13.931673834586546,2.306735701789857,718.7637314118838,9.581790366197332,1,0.001,1,0.85
100,100,7,7.539633272545337,1.509262922272442,728.6259998743021,9.421837124959449,1,0.001,1,0.85
100,100,7,10.190675010052658,1.5651375890160826,738.4882945397671,5.881108203009367,1,0.001,1,0.85
100,100,9,9.963425518742696,1.93416685490227,748.3506147158323,11.889459824158578,1,0.001,1,0.85
100,100,7,14.745222209312523,1.6737159674729525,344.10773056731404,11.067145240729579,1,0.001,1,0.85
100,100,8,23.59271346702186,2.5768395928801433,768.075328999819,12.894301919250575,1,0.001,1,0.85
100,100,7,15.650844743023743,3.5413104320715894,344.85764126554045,9.633483756424129,1,0.001,1,0.85
100,100,8,8.761543504760727,2.21772875040356,349.3495869954041,9.914194457455359,1,0.001,1,0.85
100,100,7,19.257056915721577,2.514818132517537,797.6625760511969,6.925974876820905,1,0.001,1,0.85
100,100,9,11.743191254594963,2.0296355229879635,807.5250362554148,10.424501662804207,1,0.001,1,0.85
100,100,8,4.922637824875603,1.0133759231935702,362.82617420736983,8.356029312971728,1,0.001,1,0.85
100,100,7,14.104859535543085,2.690399932338533,827.250020236557,12.907113583973233,1,0.001,1,0.85
100,100,7,16.23610674221936,3.774643769806595,837.1125429945114,12.292318215558812,1,0.001,1,0.85
100,100,7,9.917686559524263,1.500013578773825,277.9510037280004,11.296985684695105,1,0.001,1,0.85
100,100,7,6.605962128245532,0.3331916404238276,856.8376476460769,12.350919250003603,1,0.001,1,0.85
100,100,9,7.437972480805662,4.168207991351394,296.2882271892223,12.47908128115616,1,0.001,1,0.85
100,100,7,20.223962283161903,2.9160836940963093,397.58179001880404,10.35987191856433,1,0.001,1,0.85
100,100,7,5.88728664060511,2.3981681945669484,886.425445700575,14.841709652764692,1,0.001,1,0.85
100,100,7,4.824893356191262,2.756094735536839,896.2880809926847,14.206869980855158,1,0.001,1,0.85
100,100,6,23.94285448879272,2.375353356993505,410.95267086753927,11.743120517956408,1,0.001,1,0.85
100,100,8,13.795939013814056,1.1888792996824866,415.4098167905026,14.581674924197202,1,0.001,1,0.85
100,100,7,13.259682952033163,2.5698275334730867,412.24887815756927,15.226163994453001,1,0.001,1,0.85
100,100,7,23.94115606994019,2.0434319690792435,320.10091909710354,14.131997331928247,1,0.001,1,0.85
100,100,7,15.616691233695663,2.4332844825337445,314.5373579955834,12.789200706898164,1,0.001,1,0.85
100,100,7,22.730377536472236,2.1562919238013216,433.2392768052387,11.877210097468689,1,0.001,1,0.85
100,100,7,17.377641023417706,1.7098967798245075,965.32699260757,13.322819326639518,1,0.001,1,0.85
100,100,8,15.015573757627728,1.5003557397706537,323.86870115416815,12.643427398065729,1,0.001,1,0.85
100,100,8,4.668316721142869,2.5559835637103827,985.052535119981,14.108514945164817,1,0.001,1,0.85
100,100,6,6.406594895949072,1.9122043085900249,994.91532801896,12.617927748601682,1,0.001,1,0.85
100,100,7,7.3385083330935466,1.493748629263099,335.82392996488886,12.059232854899394,1,0.001,1,0.85
100,100,7,22.886694775743386,4.172752985707416,459.98590361144915,15.508787236994646,1,0.001,1,0.85
100,100,8,7.362111131200105,1.204119177666843,1024.5037898849882,16.905628208864833,1,0.001,1,0.85
100,100,7,16.137468540255476,1.2163632710286543,354.1313454745174,14.446613349190851,1,0.001,1,0.85
100,100,7,29.907704489105647,3.3295913600519715,466.177217312346,15.970911220600616,1,0.001,1,0.85
100,100,7,4.958495842460911,1.5106811966859288,1054.092370967488,16.42594062696399,1,0.001,1,0.85
100,100,7,23.964946963248046,0.9427416222350873,1063.9552566652942,18.6272149846065,1,0.001,1,0.85
100,100,9,7.313410853009962,1.0124013696692633,358.9928828673484,15.854315940684263,1,0.001,1,0.85
100,100,8,25.06959044638326,3.4791157015928382,371.1512219781841,18.834484174558767,1,0.001,1,0.85
100,100,8,5.373743740948718,1.9429080917185628,488.65056997873046,16.323039589453543,1,0.001,1,0.85
100,100,7,16.57509522777027,1.4295719783093395,493.14544226548765,16.934048089941967,1,0.001,1,0.85
100,100,7,20.692951234631337,1.5284913519657395,1113.2698650287502,12.345091653091083,1,0.001,1,0.85
100,100,9,24.439429315993312,1.2237697711330064,509.0280076653887,17.97559531852039,1,0.001,1,0.85
100,100,6,33.26983888135008,2.4832165943980113,1132.9957884093917,14.941504452684045,1,0.001,1,0.85
100,100,7,20.738263262954625,3.3730228342177977,517.9455709657426,20.009486684130085,1,0.001,1,0.85
100,100,7,26.66375150205701,1.5854612865851045,522.4044392561152,17.49400903259521,1,0.001,1,0.85
100,100,7,19.835714696654144,2.189778675923791,1162.5847542975207,16.81163772672232,1,0.001,1,0.85
100,100,8,13.567039217038333,0.9007485517431214,1172.4477637353548,19.26867104954669,1,0.001,1,0.85
100,100,7,25.043228000966565,3.082527849681168,395.4111742287754,18.962422196822768,1,0.001,1,0.85
100,100,7,29.89509270780871,2.900918245363627,408.60423606818006,20.04259569976962,1,0.001,1,0.85
100,100,8,31.391743428649477,1.418019522339513,1202.036852061525,23.0765949186836,1,0.001,1,0.85
100,100,7,23.431430041591618,2.518928327030684,1211.8999009627655,23.386454699228928,1,0.001,1,0.85
100,100,7,34.05877244979255,4.325680498591939,1221.7629593299773,19.545765221688676,1,0.001,1,0.85
100,100,12,16.377696664130802,2.0137889471366015,1231.6260270115336,20.092614051348125,1,0.001,1,0.85
100,100,7,7.392038010962314,0.8391992171988116,562.5366839482915,20.464848145270086,1,0.001,1,0.85
100,100,7,15.259954736036525,1.877008952667609,1251.367344700042,20.57656445089238,1,0.001,1,0.85
100,100,7,24.28080247197701,2.3700487255955283,1261.2597559878714,22.354533160492196,1,0.001,1,0.85
100,100,9,15.33604895318627,2.1597270520797722,422.3939876710681,20.1721815687077,1,0.001,1,0.85
100,100,7,23.62870898502806,2.501192310357232,1281.044604679406,20.62011610853566,1,0.001,1,0.85
100,100,7,9.889673947202487,0.607068782274434,1290.9370418122826,18.638514407560002,1,0.001,1,0.85
100,100,7,12.954690435500044,3.0702343427676784,589.2937417272559,23.55058632504049,1,0.001,1,0.85
100,100,7,17.411606419463382,1.824175471368465,1310.721941000949,15.573063576401724,1,0.001,1,0.85
100,100,8,26.39194395581667,2.601143560596533,436.6304226285183,23.354240911297715,1,0.001,1,0.85
100,100,8,20.578083848867994,2.3961670095501946,1330.5068725913525,21.400650263541824,1,0.001,1,0.85
100,100,9,25.176695845367966,4.3247597357471745,601.0394092943438,21.30708196697517,1,0.001,1,0.85
100,100,7,31.52827806955796,2.1875575270389187,441.09121417035215,22.13626460517888,1,0.001,1,0.85
100,100,8,19.324660832322273,2.98198828790233,610.0318485545099,21.580950187491943,1,0.001,1,0.85
100,100,7,26.50771698130195,1.9032728597463167,469.9137207660116,25.295263631457313,1,0.001,1,0.85
100,100,8,27.667046336913067,3.799191485514408,1379.969337148402,18.673384333734933,1,0.001,1,0.85
100,100,10,36.47608770313212,1.5615128099004076,623.5208233512772,18.51434275164827,1,0.001,1,0.85
100,100,7,9.636123876228654,2.5083861630092192,633.8923178771395,21.33270924315554,1,0.001,1,0.85
100,100,8,17.73579219464875,1.0563314756312479,638.3523953844765,25.928527149781587,1,0.001,1,0.85
100,100,8,37.692784649039936,2.170014602978514,637.010162970868,22.252431996489555,1,0.001,1,0.85
100,100,9,30.20930231039623,1.4479364024762305,641.5066879359687,23.858235352903655,1,0.001,1,0.85
100,100,7,27.467955741723202,3.7368361555706464,1439.3245348116975,18.33033379825397,1,0.001,1,0.85
100,100,7,17.985214607266418,1.7109676449516784,656.1930775315833,19.9670139290412,1,0.001,1,0.85
100,100,13,36.10165339737444,1.381627843265354,1459.1096554728138,22.832089378356383,1,0.001,1,0.85
100,100,8,27.038399624657153,0.6023567303841213,1469.0022256555444,22.922603507405945,1,0.001,1,0.85
100,100,11,25.545688511790875,1.291589963454425,1478.894802287282,22.745824578211185,1,0.001,1,0.85
100,100,7,21.709762119998487,2.6250436325990973,1488.787385281803,24.821110299971505,1,0.001,1,0.85
100,100,8,15.782194600356483,1.6634967747535379,678.4947301841659,20.150195898914685,1,0.001,1,0.85
100,100,7,22.536091871654346,2.342586191736783,1508.5725700253006,23.843328097350252,1,0.001,1,0.85
100,100,7,19.075998164515234,1.1533360118046396,1518.465171612944,20.835850262719358,1,0.001,1,0.85
100,100,9,19.060630506028513,0.40073979502342616,1528.357779238773,26.26013602492469,1,0.001,1,0.85
100,100,7,33.360753583353066,1.339543435834273,1538.2503928250944,22.894876455962155,1,0.001,1,0.85
100,100,8,17.597810622428447,1.8300725839429814,1548.1430122963789,25.113374878792285,1,0.001,1,0.85
100,100,7,15.80576584583447,2.839466707719484,517.5898309122766,20.963517185528367,1,0.001,1,0.85
100,100,9,26.679321796438124,1.9274792153682312,1567.9282685963249,24.6329407164774,1,0.001,1,0.85
100,100,8,28.505219931742996,3.1338766005958423,1577.8209052785132,28.061872278319463,1,0.001,1,0.85
100,100,8,21.589474807499634,1.4874011152231614,1587.7135475533864,18.921696629493418,1,0.001,1,0.85
100,100,7,19.341327535562257,3.952738778017651,723.1004882632548,16.62241101603554,1,0.001,1,0.85
100,100,8,30.897060714849125,2.5884272787905345,1607.4988486080554,23.360869977529717,1,0.001,1,0.85
100,100,7,51.51887285374099,2.414234487072882,732.0220046647016,27.26340720378662,1,0.001,1,0.85
100,100,7,21.11987661632176,2.5003484336501147,1627.2841712219197,28.2879085192629,1,0.001,1,0.85
100,100,10,26.23175118654015,1.5875475155659553,740.9436357203709,25.588716753217557,1,0.001,1,0.85
100,100,7,12.103330139983925,1.7196098820114878,745.4044933793404,29.240650869334267,1,0.001,1,0.85
100,100,7,46.19891059687977,3.195704068103891,1656.9621944294313,26.941294387982794,1,0.001,1,0.85
100,100,8,26.668150563605977,1.2383162596789914,754.3262912898049,26.899675818851712,1,0.001,1,0.85
100,100,7,22.107699876423155,2.018291517135837,575.5514163308235,24.713677033184197,1,0.001,1,0.85
100,100,11,28.630849866089022,4.363244058119949,1686.6402632986703,28.351915770158243,1,0.001,1,0.85
100,100,8,39.07845851402498,3.3955354140231155,762.9258141550413,25.967285874410187,1,0.001,1,0.85
100,100,7,30.95767032195616,2.179541497948719,772.1702084724817,22.802322487110047,1,0.001,1,0.85
100,100,7,24.013022878914764,0.5461677911567001,1716.3183762441597,25.16192288908188,1,0.001,1,0.85
100,100,8,39.18859021726614,3.635144833186782,573.9242584214771,26.24086011436634,1,0.001,1,0.85
100,100,9,35.92844206926309,1.9070033327688092,1736.103808613685,27.328441170071734,1,0.001,1,0.85
100,100,16,15.849961535450378,1.0088148562536732,1745.996531757241,20.29768835764066,1,0.001,1,0.85
100,100,7,45.75695663490738,2.4520554271720596,1755.8892594688584,31.011293099937436,1,0.001,1,0.85
100,100,8,13.400823527204857,3.1387164378489856,794.4083699678273,30.279221987380822,1,0.001,1,0.85
100,100,8,44.6436936114707,1.81629793326981,1775.6747283883205,29.041029614985973,1,0.001,1,0.85
100,100,8,47.69892578808771,1.7720691865384128,1785.5674694953332,30.574143869496453,1,0.001,1,0.85
100,100,8,30.948250099863717,2.1021980866504593,1795.4602149689447,32.3695670205871,1,0.001,1,0.85
100,100,7,40.89194990394944,2.2959337900959884,1805.3529647612518,34.38038646661664,1,0.001,1,0.85
100,100,7,25.72506572391858,3.2925026133150608,1815.2457188249414,27.08336074548477,1,0.001,1,0.85
100,100,8,23.371178652824035,2.073245124634431,821.3944004206139,28.683882981470738,1,0.001,1,0.85
100,100,7,36.1476054700632,3.4644505746766736,1835.031239581635,26.841755325218813,1,0.001,1,0.85
100,100,10,40.06873245008103,3.615125429178484,834.6270458590825,32.841832679042284,1,0.001,1,0.85
100,100,7,45.00291092284564,4.987807993399647,1854.8167768763806,31.06946008824596,1,0.001,1,0.85
100,100,8,29.169716721345917,2.432331274032539,839.3855605129465,28.080693271968805,1,0.001,1,0.85
100,100,7,31.76027323526465,0.6939525391298086,1874.602330358507,28.83855968808775,1,0.001,1,0.85
100,100,8,24.19090839354605,1.5095291263400803,848.3812764693732,30.57912576636262,1,0.001,1,0.85
100,100,9,21.08894183232085,0.9767395764052345,852.8791675897494,34.22082463969107,1,0.001,1,0.85
100,100,8,14.419218873527416,1.3148959654413108,857.3770804970782,32.51138258017515,1,0.001,1,0.85
100,100,7,18.25302655880688,1.0286853140270222,861.875014965337,33.84541333493403,1,0.001,1,0.85
100,100,7,38.899868525929634,2.3847340583679455,1924.0662826895186,30.591303538113035,1,0.001,1,0.85
100,100,7,29.59880762241275,2.528723674703407,874.7801961091768,29.47542670571281,1,0.001,1,0.85
100,100,8,59.30549336897491,2.727198529251461,1943.8518902298565,30.8063201615616,1,0.001,1,0.85
100,100,7,39.1947336878309,2.387350396417226,879.8669640507101,34.931084075994825,1,0.001,1,0.85
100,100,7,31.145207747318857,1.3378172080054302,888.1649481345326,31.09606876670761,1,0.001,1,0.85
100,100,7,33.2951194886089,4.333053703410286,1973.5303290893335,35.74833126123846,1,0.001,1,0.85
100,100,7,30.647032241322357,2.4938439419626235,897.0882137370633,32.904099228294726,1,0.001,1,0.85
100,100,7,47.70992719628486,2.5214410926873607,1993.3159729320998,31.073642132249905,1,0.001,1,0.85
100,100,8,34.983905091399286,3.0075394797063746,906.0115555970933,34.09282083520857,1,0.001,1,0.85
100,100,8,27.907931010425344,2.135088004577288,906.8554981836455,30.663442197795966,1,0.001,1,0.85
100,100,12,38.241490586620806,3.8489819871998527,677.0764093536081,32.557751399046374,1,0.001,1,0.85
100,100,8,29.240914243242646,3.2279263223499246,919.3967080976131,33.32411436360652,1,0.001,1,0.85
100,100,8,17.92562276670885,3.5140893738531815,2042.7801432805743,37.081390229061384,1,0.001,1,0.85
100,100,8,27.637836079025018,1.8892674675516494,2052.672987495701,27.47870718771233,1,0.001,1,0.85
100,100,7,40.75341926550481,2.413673619686116,932.7820239297707,37.433232478757304,1,0.001,1,0.85
100,100,8,30.260302338014704,0.3393267386821821,937.2438313570581,37.774119860822914,1,0.001,1,0.85
100,100,7,27.906195087690516,0.849218709896411,941.7056562437256,38.43584157116881,1,0.001,1,0.85
100,100,8,30.737990687048956,1.2801598818071396,2092.24439710591,39.067694908805166,1,0.001,1,0.85
100,100,12,24.012536457020914,2.10586177396468,2102.1372575414084,38.954275797927565,1,0.001,1,0.85
100,100,8,18.727774016350285,1.4498027773150084,702.5754754555501,38.35155994111037,1,0.001,1,0.85
100,100,7,17.3475287692897,1.3806071545100829,2121.9229878412857,38.60828917333646,1,0.001,1,0.85
100,100,8,44.74325879641199,1.2608271992451359,960.8346113038854,38.12706108881081,1,0.001,1,0.85
100,100,7,20.610383890571363,1.0036995257315058,2141.7087305197642,36.253735783990365,1,0.001,1,0.85
100,100,8,37.58213757456624,2.198590446805213,969.8313787353909,38.005338344552584,1,0.001,1,0.85
100,100,7,19.265761364329705,2.2046186191234387,977.4008644945945,35.08939170318981,1,0.001,1,0.85
100,100,8,24.495542614245284,2.0609178322913464,2171.3873672529826,38.910315285945785,1,0.001,1,0.85
100,100,8,23.695272572702212,1.8448555606290078,2181.2802521112235,40.12923204717828,1,0.001,1,0.85
100,100,8,28.696545342506646,2.8126584803189387,987.8251149886871,37.323896065668116,1,0.001,1,0.85
100,100,8,28.78259986789623,2.8250191805470464,2201.0660305873007,36.805526239940235,1,0.001,1,0.85
100,100,10,44.45033521281302,1.5095143231965826,999.7108963600901,39.4267020111194,1,0.001,1,0.85
100,100,7,25.698787012594444,1.710968708638462,1004.1729493147986,36.04657410139179,1,0.001,1,0.85
100,100,8,14.463979494044885,1.9777600032721945,1005.8191117428813,36.9114294512946,1,0.001,1,0.85
100,100,9,68.60204944193144,3.4673366405569976,2240.6376218483865,36.277989138932185,1,0.001,1,0.85
100,100,7,40.97242428008381,2.448174892213875,2250.5305266633513,39.36866168710889,1,0.001,1,0.85
100,100,9,17.529369566334744,2.109610912394503,2260.4234342289014,41.49668305290788,1,0.001,1,0.85
100,100,7,31.050982917745607,2.1604322821446,2270.316344520954,40.706069114479504,1,0.001,1,0.85
100,100,8,50.0424854758587,2.265780652935457,763.2863211135573,40.669817013941135,1,0.001,1,0.85
100,100,8,49.85267221527688,3.540599649539449,1035.4077383238957,39.326106270980596,1,0.001,1,0.85
100,100,7,41.32976655405216,3.1737159007071205,2299.9950915200316,37.54939573640969,1,0.001,1,0.85
100,100,11,30.086437854087023,2.0877705702911213,2309.888012483951,39.92059921092213,1,0.001,1,0.85
100,100,7,83.07994424272749,3.773787292032148,797.1778651691416,36.36280151004581,1,0.001,1,0.85
100,100,7,38.767704613056836,0.6187127356134814,2329.673862223063,35.30588348981274,1,0.001,1,0.85
100,100,7,30.932358228269024,0.36708328084341424,2339.5667909544763,36.94270241285854,1,0.001,1,0.85
100,100,8,29.654853677490113,3.114012683147771,1059.8025755760225,36.600041006082456,1,0.001,1,0.85
100,100,9,35.02951133207632,1.6005297116000552,2359.3526560326795,33.786476569643625,1,0.001,1,0.85
100,100,7,50.922757924621365,2.4454150741082827,2369.2455923368734,35.46345706974872,1,0.001,1,0.85
100,100,7,15.593017424750913,3.1981259066070113,2379.1385311233444,42.228964640821,1,0.001,1,0.85
100,100,7,69.27670693197697,3.10079941446301,1080.0300713293973,39.65384241725939,1,0.001,1,0.85
100,100,7,10.84572549022265,1.8988829169691346,1084.4923787578884,41.54088085461909,1,0.001,1,0.85
100,100,9,24.682059286690727,2.9539772556942614,2408.817362172139,37.93890386532239,1,0.001,1,0.85
100,100,8,49.13227866011344,2.937584483926844,1093.4170326035762,39.32048069314662,1,0.001,1,0.85
100,100,7,79.54999988225862,2.3889477907422894,2428.603261578686,46.87442369285856,1,0.001,1,0.85
100,100,8,55.89047470766204,2.364048379099181,2438.4962148350573,32.517351883886235,1,0.001,1,0.85
100,100,8,52.43462764850929,3.03847804350674,2448.389170434667,48.37895602497877,1,0.001,1,0.85
100,100,8,61.99101252249096,2.5916203162344553,2458.28212835875,38.816384410319365,1,0.001,1,0.85
100,100,14,30.15300365547723,3.7440253428447976,704.4047238157934,46.98662743692243,1,0.001,1,0.85
100,100,7,21.268499916318255,1.1817872279236439,2478.0680511058563,44.004484400338626,1,0.001,1,0.85
100,100,8,51.79590177085012,3.333146019949984,2487.961015892163,46.23133812619821,1,0.001,1,0.85
100,100,8,35.14436537946736,1.3980793624051464,858.5718972294026,45.522283824316794,1,0.001,1,0.85
100,100,7,26.920899681821524,0.7644746259966302,839.561783764158,45.58380801495555,1,0.001,1,0.85
100,100,10,65.57244358636866,3.4180333132478915,1136.282596592233,45.83380924592158,1,0.001,1,0.85
100,100,8,53.637205550935604,3.705671173083358,2527.532897371859,46.141151499945316,1,0.001,1,0.85
100,100,7,36.132231851800654,3.334977927967758,1146.966004151589,47.557800948235936,1,0.001,1,0.85
100,100,7,54.61340849904729,2.0520050018656466,1151.42849639676,44.51380878493751,1,0.001,1,0.85
100,100,7,17.544405271762642,2.4073454596408412,1154.2784319753446,43.98721826789759,1,0.001,1,0.85
100,100,10,35.50794414449004,1.3143194401224674,2567.10481375706,42.816917611450606,1,0.001,1,0.85
100,100,7,67.95545081832587,2.9959408271414976,1164.8160421170135,42.27435667412911,1,0.001,1,0.85
100,100,9,59.996374802140096,3.069630694391173,1169.2785800575905,44.36269432878872,1,0.001,1,0.85
100,100,7,31.264126013273508,3.1134783161982957,1173.7411292039255,39.04877137831807,1,0.001,1,0.85
100,100,7,20.110704827331897,0.8248039106857432,896.0937578995696,37.56085348445076,1,0.001,1,0.85
100,100,9,15.360966313816187,1.8300265130111353,899.5049501821534,38.7740327736123,1,0.001,1,0.85
100,100,7,28.623617029378742,1.72317669045274,1185.771600400835,40.31703627359278,1,0.001,1,0.85
100,100,8,44.57560004454859,3.263628622892816,882.6784746332314,39.66475527244909,1,0.001,1,0.85
100,100,8,46.07371364268512,0.9178734278969811,909.7386367476761,38.87017842066136,1,0.001,1,0.85
100,100,7,68.7638703240518,3.1565564936800534,2656.1417477955815,41.51679641575111,1,0.001,1,0.85
100,100,8,12.089264867352302,1.1737333927222278,2666.034750544344,46.34534554683228,1,0.001,1,0.85
100,100,8,56.78733344674892,2.3687018232919823,2675.9277552538515,47.6512782143529,1,0.001,1,0.85
100,100,7,43.560114696840394,0.7839238886871905,2685.8207619095783,47.80832883408189,1,0.001,1,0.85
100,100,8,79.31151282027292,2.2368154823343636,2695.713770497162,49.39419377653735,1,0.001,1,0.85
100,100,8,47.07504712220368,4.550068261195821,2705.6067810024597,47.37357932044738,1,0.001,1,0.85
100,100,7,54.9854807848274,1.0516740590509577,1227.292562973565,44.49254533830772,1,0.001,1,0.85
100,100,10,10.902883685421287,1.039573842385985,1231.7552503870234,43.39763533912426,1,0.001,1,0.85
100,100,9,84.0360498561863,2.9436272285149223,2735.285823885626,37.051496812090555,1,0.001,1,0.85
100,100,9,46.41198541927318,3.9334148946359377,2745.1788419235427,37.406179140530824,1,0.001,1,0.85
100,100,10,25.3098517905974,1.5911568581947604,947.2635106843979,45.920673630800046,1,0.001,1,0.85
100,100,8,19.798694581000294,5.261148571521462,2764.9648835338166,43.83159196827373,1,0.001,1,0.85
100,100,11,21.347330020388085,0.793179387261383,1254.0688374569684,46.226334309884635,1,0.001,1,0.85
100,100,10,46.59230214282113,0.36562348737819433,2784.750932435677,45.50159333632401,1,0.001,1,0.85
100,100,8,64.13833634393436,4.010980432122192,2794.643959588643,45.05637046426602,1,0.001,1,0.85
100,100,7,49.09877005598448,0.7657661818172747,1267.4571071435942,41.675067565714,1,0.001,1,0.85
100,100,10,42.13824540298487,0.952507776787457,2814.4300192351757,39.9749058819833,1,0.001,1,0.85
100,100,8,20.465118859421004,1.5657167400410996,1276.3826680546601,37.51459705478116,1,0.001,1,0.85
100,100,7,58.826581223987056,1.790359539575866,2834.216085919652,36.672055549095205,1,0.001,1,0.85
100,100,10,29.147097073645746,1.2545893506805577,952.334399870525,50.08741327443262,1,0.001,1,0.85
100,100,7,58.35613839326844,2.5739310785678056,2854.002159544252,51.186480187844495,1,0.001,1,0.85
100,100,8,75.17272059934687,2.3780892875840087,2863.8951989290445,45.83685304323334,1,0.001,1,0.85
100,100,8,57.038073489955316,3.518015514650704,2873.788240013054,53.59874542347622,1,0.001,1,0.85
100,100,25,51.66315189779476,4.470912662604663,1303.1595743470061,52.39615558114453,1,0.001,1,0.85
100,100,7,59.71470139816476,4.09912506396244,995.0253223573928,54.36572692760133,1,0.001,1,0.85
100,100,8,29.46915124647001,2.7910303532623257,2903.467373344326,47.167524305669744,1,0.001,1,0.85
100,100,7,45.543858295349665,1.435667665730875,1316.2489090728127,52.692302896301406,1,0.001,1,0.85
100,100,9,28.094326334608425,1.762745635716015,1321.0110264210975,51.18766988333684,1,0.001,1,0.85
100,100,10,11.869876037204254,1.685552184605007,1325.4739115281193,52.17318168921628,1,0.001,1,0.85
100,100,8,53.22976902190712,2.4688424200387797,1329.936805351339,54.947987180068445,1,0.001,1,0.85
100,100,6,58.542910393994084,2.658232092244615,1015.49558810874,55.136984994001196,1,0.001,1,0.85
100,100,7,58.74557548039997,3.7197603775223644,2962.8256843467816,48.47959842244554,1,0.001,1,0.85
100,100,9,28.58915529190771,1.276368333104489,1343.3255385357422,55.151001416870955,1,0.001,1,0.85
100,100,18,16.358389895518982,1.5807279017433724,2982.6118008305893,54.47168109591839,1,0.001,1,0.85
100,100,9,65.43756636294185,2.7499063852121477,1352.251403182383,54.9465063975424,1,0.001,1,0.85
100,100,8,22.18073114387414,1.4346471494329986,3002.3979235812676,53.425024829068384,1,0.001,1,0.85
100,100,7,59.44748364042508,1.402662390343653,3012.2909872809078,57.908849267756175,1,0.001,1,0.85
100,100,9,37.44408458266301,1.576094012586259,3022.1840525165353,56.96316085310149,1,0.001,1,0.85
100,100,8,53.840119225402866,3.9542334052424906,1370.2418792829221,58.29024541953516,1,0.001,1,0.85
100,100,7,31.6633407628541,1.1682044652257335,3041.9701875557002,59.61865664808427,1,0.001,1,0.85
100,100,7,73.0374508171769,1.558250415876708,3051.8632573394543,58.92215551899195,1,0.001,1,0.85
100,100,8,90.01152555925216,1.2599762262084195,3061.7563286196305,56.3760552736821,1,0.001,1,0.85
100,100,11,61.67215994797703,3.348165389118088,1388.2398127386853,55.61742120437921,1,0.001,1,0.85
100,100,13,20.323824664461892,2.474421952597347,1392.4182023555038,57.157566255678766,1,0.001,1,0.85
100,100,10,78.15819883135089,1.4230577923322323,3091.4355513426262,54.60100847783289,1,0.001,1,0.85
100,100,9,79.19715938245383,3.493428648787117,1066.673477912391,52.857213960672084,1,0.001,1,0.85
100,100,7,37.85392691405848,2.4566035079823303,1406.2378786346876,50.6098549595328,1,0.001,1,0.85
100,100,7,77.67405089619378,1.6965093931485882,1045.2187313526908,53.60815120563804,1,0.001,1,0.85
100,100,8,77.05287888509906,1.284602820163802,3131.007868681382,59.86535168437062,1,0.001,1,0.85
100,100,9,49.595332066522104,3.19665654040294,1044.566522145661,59.67065970121689,1,0.001,1,0.85
100,100,9,58.52936069918076,1.7824390455215602,3150.794035917371,58.95766660550621,1,0.001,1,0.85
100,100,10,53.40991736763987,1.102596743800437,3160.687121645531,60.21736409523834,1,0.001,1,0.85
100,100,9,87.59539313388896,3.0740022440349213,3170.5802087687316,57.411065441318826,1,0.001,1,0.85
100,100,8,95.47027116173115,3.4866595229819928,1437.7348026174413,57.478107451592265,1,0.001,1,0.85
100,100,12,74.2043410787675,1.8161418865342702,3190.366387165661,56.406627467895426,1,0.001,1,0.85
100,100,10,25.207968770646424,1.5396707624240071,1446.7339939641793,54.55848464419025,1,0.001,1,0.85
100,100,9,40.70344040488125,0.937529217925882,3210.152571039853,55.17024145142004,1,0.001,1,0.85
100,100,8,74.96878670329522,1.1679404226571464,3220.0456650098877,51.70795825564596,1,0.001,1,0.85
100,100,8,41.40385718667983,2.4638317081040553,3229.9387603241503,61.24316162396836,1,0.001,1,0.85
100,100,8,78.63761937083105,2.9372341271657065,1463.8274026217844,52.89142806673658,1,0.001,1,0.85
100,100,9,64.9439805473857,1.1023087645931944,1469.2321049359703,61.85352628096318,1,0.001,1,0.85
100,100,9,39.271532680970815,1.6687821654281225,3259.6180542504153,56.69874069680475,1,0.001,1,0.85
100,100,9,97.39710820049066,1.7472571513050585,3269.5111548600953,59.58861087664047,1,0.001,1,0.85
100,100,9,51.09138623274524,2.784069852337301,3279.4042567736387,62.068004291043685,1,0.001,1,0.85
100,100,9,66.39275121311034,2.9654872531440106,1487.2307270752726,67.20977742191016,1,0.001,1,0.85
100,100,8,56.320666254215936,2.815415933035423,3299.1904644809706,60.300804313939864,1,0.001,1,0.85
100,100,8,67.08776800551698,2.7860393076649577,1495.069513929374,67.06927398167444,1,0.001,1,0.85
100,100,7,40.03178355286514,5.46359555765574,1499.5327004131577,66.90765317302638,1,0.001,1,0.85
100,100,7,36.606354276315265,1.5907002839139346,3328.8697856267863,65.41580865817983,1,0.001,1,0.85
100,100,7,24.087775621341628,1.6691082218603177,3338.762895200951,65.8323367216623,1,0.001,1,0.85
100,100,7,58.951059205589516,0.704195540905965,1514.2288759344856,62.82611233652362,1,0.001,1,0.85
100,100,7,44.050412463350504,2.9909386468292665,3358.549118092924,62.91478529606721,1,0.001,1,0.85
100,100,7,77.19341303552291,2.563180006406788,1523.2283150345206,59.72154897355677,1,0.001,1,0.85
100,100,8,40.5035175910084,1.686376615147264,3378.335345927582,52.40216441723746,1,0.001,1,0.85
100,100,7,69.4655940938423,0.7108012384080754,3388.2284616803463,57.05880302316012,1,0.001,1,0.85
100,100,20,53.927621851573825,2.548575438795136,1536.727525192601,43.98372174331647,1,0.001,1,0.85
100,100,8,88.53407695156547,3.3470537944691516,1172.4501380631277,44.39622566643929,1,0.001,1,0.85
100,100,6,21.93709317087183,3.2650405509165212,1545.7270325045852,47.49728883703485,1,0.001,1,0.85
100,100,7,47.11901921551154,2.2247780990210595,3427.800936762258,63.6872118557786,1,0.001,1,0.85
100,100,9,43.828501228495995,1.5707312978555494,1182.6871719956239,53.10289371091721,1,0.001,1,0.85
100,100,8,46.03383652113882,2.1653173315982324,3447.5871814484053,53.72160729472401,1,0.001,1,0.85
100,100,8,20.98253952606411,2.269262096936872,1151.9964939408505,65.04114416953526,1,0.001,1,0.85
100,100,10,59.974608805379695,4.30053083266262,1192.9243014339654,55.7098988140426,1,0.001,1,0.85
100,100,8,56.975075281187635,3.107536033461885,1572.7257136138064,58.16439893146034,1,0.001,1,0.85
100,100,8,97.80583975461204,1.9262905165294932,3487.1596848395707,56.52441510770831,1,0.001,1,0.85
100,100,7,41.655648327097424,3.4287492030712463,3497.0528135693003,63.19695799002177,1,0.001,1,0.85
100,100,10,72.34993926800882,0.9982509726917452,1586.225141838865,56.19852393344431,1,0.001,1,0.85
100,100,7,84.8181222067173,3.679636977580713,3516.8390744415783,59.4842666769117,1,0.001,1,0.85
100,100,7,51.75211819421154,2.224853763428807,3526.7322065713415,59.917378737427434,1,0.001,1,0.85
100,100,7,131.4592227723344,2.2318639589913625,3536.6253398217495,65.66844107308555,1,0.001,1,0.85
100,100,9,50.359020865616145,3.564361060194345,1604.2244681784073,61.40641230011272,1,0.001,1,0.85
100,100,7,79.19162533655408,1.5800949145649277,1608.724315367675,56.69153431473659,1,0.001,1,0.85
100,100,7,14.482472495969912,1.7435906413363669,1227.0487352814948,58.63986688823525,1,0.001,1,0.85
100,100,7,43.356351865895505,1.61396954418567,3576.1978839053586,51.45986481543136,1,0.001,1,0.85
100,100,8,86.32155353133658,3.999144266899291,1622.2238938320515,61.909220664124064,1,0.001,1,0.85
100,100,7,28.69306958478331,2.704176459785616,1626.7237655058198,61.797470356248034,1,0.001,1,0.85
100,100,17,66.68900311104754,1.4423478366213438,1631.2236432165696,50.20184936245615,1,0.001,1,0.85
100,100,8,19.47943975332557,1.1548062905659866,1633.4312893414522,59.03909386810183,1,0.001,1,0.85
100,100,7,52.7167649287002,2.428245050399134,1637.8946695570312,63.67649150238836,1,0.001,1,0.85
100,100,8,75.36703346052357,1.9139511945318515,1644.7233122415544,59.91534765037458,1,0.001,1,0.85
100,100,6,66.10694044425323,1.6539246436810038,3645.449877785275,66.08455796990721,1,0.001,1,0.85
100,100,7,43.37515131009097,3.296020351469555,3655.3430240097377,61.09641548350104,1,0.001,1,0.85
100,100,7,56.558944485240175,1.6464655170860996,1227.6961142936568,63.519836579682774,1,0.001,1,0.85
100,100,8,54.691039794217865,4.7380039016463735,3675.1293195825942,65.67317592501443,1,0.001,1,0.85
100,100,7,75.49402651052635,1.812939872475304,3685.0224689197867,75.30325299221738,1,0.001,1,0.85
100,100,8,56.5642189343788,1.232429670701641,3694.9156192834294,71.9130200217105,1,0.001,1,0.85
100,100,7,56.6916379902989,0.137324740024244,3704.8087706680335,70.72666978447862,1,0.001,1,0.85
100,100,8,29.495316267330963,0.6512117189333482,3714.7019230681535,71.72608436252656,1,0.001,1,0.85
100,100,7,43.24028961956202,3.4198123821174535,1685.2226348489576,75.19930698121077,1,0.001,1,0.85
100,100,7,49.65320729534261,1.2005464414150724,1689.7225881237837,71.44162068256165,1,0.001,1,0.85
100,100,8,70.31238482967444,3.4134789562959504,3744.381386307822,75.26562265255338,1,0.001,1,0.85
100,100,9,52.11317876771221,1.192248726942994,1247.9309217925534,74.39349436688876,1,0.001,1,0.85
100,100,9,121.00202922729932,1.7645769433361984,3764.1677001139806,74.16925168798159,1,0.001,1,0.85
100,100,7,58.967538803552,1.8547063253967768,1704.846040385262,75.58641817258496,1,0.001,1,0.85
100,100,10,25.321658735162448,1.8135328406642075,3783.954017855176,72.1501847693467,1,0.001,1,0.85
100,100,7,59.620294083785524,2.5889759777326673,3793.8471781885646,71.5108248472431,1,0.001,1,0.85
100,100,7,98.86213656061602,2.6642753713149547,1718.2364597662825,75.84221378090618,1,0.001,1,0.85
100,100,11,37.1158251759818,2.3949888137926827,1725.722413364604,77.47447862640618,1,0.001,1,0.85
100,100,8,37.65839385829452,1.6853937132809937,1727.1634319786906,73.48415786463714,1,0.001,1,0.85
100,100,8,77.70263051382122,3.79269165355651,1734.7224239116078,75.32542555683901,1,0.001,1,0.85
100,100,7,88.88802420056652,3.5272371654465458,3843.3129942812448,73.13654793742941,1,0.001,1,0.85
100,100,8,102.82332125197223,3.201593805344406,3853.206160349813,71.647910597523,1,0.001,1,0.85
100,100,8,104.69263000263713,1.879309531385713,3863.0993273569034,72.02476010256811,1,0.001,1,0.85
100,100,7,75.877910927645,1.0690133709802792,1291.1874398666494,63.32331678155231,1,0.001,1,0.85
100,100,8,105.42294657586275,1.9033609606510264,1753.9444708835192,60.85473648465941,1,0.001,1,0.85
100,100,8,47.16593915287197,2.7854693893355598,3892.7788339610747,74.4664752725203,1,0.001,1,0.85
100,100,7,62.58534091030603,1.4742881185359626,1307.3313570566593,71.81393327783765,1,0.001,1,0.85
100,100,7,53.35947840290693,9.906015611917356,1770.7226764177262,70.3732485365544,1,0.001,1,0.85
100,100,10,102.15853338216327,5.695297595641696,3922.4583488412527,72.6234608595409,1,0.001,1,0.85
100,100,8,42.178788901588206,3.3888372419646804,3932.3515222859464,76.07726593046482,1,0.001,1,0.85
100,100,7,82.77585026480016,5.248484931234463,3942.2446966320567,65.5205439748019,1,0.001,1,0.85
100,100,7,78.83984429718556,5.186207220568569,3952.1378718751184,72.73589719693048,1,0.001,1,0.85
100,100,7,28.707889217816987,4.920557830848551,1793.2230008307756,71.67770176509298,1,0.001,1,0.85
100,100,8,32.98543474316504,6.261842407961774,3971.9242250344178,68.54379489599333,1,0.001,1,0.85
100,100,8,62.05995194801637,6.629394347057188,1802.223165587265,66.75511344695516,1,0.001,1,0.85
100,100,7,72.25904335904113,2.1289421286484673,1806.723255364049,65.10083711021598,1,0.001,1,0.85
100,100,8,56.06537159036742,9.72226193804756,1811.22335004018,71.68003750486763,1,0.001,1,0.85
100,100,7,54.22450310235336,3.3165408124650995,1815.723449590958,76.320068047851,1,0.001,1,0.85
100,100,9,48.808487569646786,3.146528288801423,1816.4342488806838,71.20969268650259,1,0.001,1,0.85
100,100,7,90.69263616952722,5.227125201111903,4031.283305577933,68.67845836097084,1,0.001,1,0.85
100,100,6,43.979375630879964,2.904868572967697,4041.176488695035,71.322847940738,1,0.001,1,0.85
100,100,8,84.46362171406028,6.9575105965612964,4051.0696726656643,76.01352138575203,1,0.001,1,0.85
100,100,7,29.15592788154516,3.5734146824749065,1834.2886409237599,74.85527094668052,1,0.001,1,0.85
100,100,7,84.2259997556246,3.94963134287242,4070.8560431511305,71.54759681504439,1,0.001,1,0.85
100,100,7,59.63187955365197,2.777443567368073,1847.2242809479762,73.09353320979537,1,0.001,1,0.85
100,100,8,92.6275313515624,2.971930992067053,4090.642417001656,78.61027043677176,1,0.001,1,0.85
100,100,8,89.05428677180893,2.3064526610418077,4100.535605178567,79.61131667809711,1,0.001,1,0.85
100,100,7,62.402644047968785,2.15217591569702,4110.42879418448,77.5082102807213,1,0.001,1,0.85
100,100,8,62.99189486496216,5.672988038164818,1861.0703649643792,78.27040818275925,1,0.001,1,0.85
100,100,13,86.2865995693216,8.666104685956267,4130.215174667323,78.943623648271,1,0.001,1,0.85
100,100,7,63.48144147908292,4.408606100609419,4140.108366136297,78.433530760576,1,0.001,1,0.85
100,100,7,58.48100560071971,1.6202955651218092,4150.0015584184775,81.5750293772234,1,0.001,1,0.85
100,100,8,25.930513239659817,3.7074660385459604,4159.8947515100635,73.40936279804389,1,0.001,1,0.85
100,100,8,61.443239727708736,4.8767153831772,1883.3885900016853,73.84759836427637,1,0.001,1,0.85
100,100,8,109.46513462902558,3.3497680692031007,4179.681140106159,76.98152176341634,1,0.001,1,0.85
100,100,7,58.01385098001549,2.6459860325090565,1896.7260485717075,68.96504032007172,1,0.001,1,0.85
100,100,7,74.57938325206482,3.023778623298102,1896.7795769437362,70.4827437166567,1,0.001,1,0.85
100,100,9,59.681673952121294,1.140611337724761,1448.8794216497365,72.20235845393637,1,0.001,1,0.85
100,100,7,111.24988250967228,3.894457308098987,1910.226625247146,77.09607402339337,1,0.001,1,0.85
100,100,9,40.113491208558344,6.099056589382222,1910.1706021551647,78.08100092212956,1,0.001,1,0.85
100,100,7,80.35904775493357,8.910865892672382,1919.227031654892,76.67827443484111,1,0.001,1,0.85
100,100,8,88.71496281005132,6.536735722717423,4248.93352512926,77.66659396528034,1,0.001,1,0.85
100,100,7,132.38561864813371,2.7345703582152083,4258.826726106981,78.4400375945429,1,0.001,1,0.85
100,100,10,56.13074671452732,4.849990630808636,1932.7276737936559,77.5836537606456,1,0.001,1,0.85
100,100,7,59.01025702780162,5.00886580927456,4278.613130364638,72.1629585588579,1,0.001,1,0.85
100,100,8,74.12412501414411,6.576383812444597,1476.1839316063151,78.07459631884822,1,0.001,1,0.85
100,100,7,104.63249804030183,2.2550032255142107,1946.228354486492,75.27975697160413,1,0.001,1,0.85
100,100,7,43.99275102368629,3.922094852300545,1950.7285898603172,81.70157117427088,1,0.001,1,0.85
100,100,7,65.42585752273207,3.7397929771067897,4318.185947989676,73.61867039501108,1,0.001,1,0.85
100,100,8,60.70718615157268,6.520996611564014,4328.0791542732495,79.55896999118072,1,0.001,1,0.85
100,100,25,26.108584357945823,2.8832007567922746,4337.972361300864,65.1802713876739,1,0.001,1,0.85
100,100,8,86.46451399084023,2.579223829711695,1968.7295732148941,82.51960507983281,1,0.001,1,0.85
100,100,7,41.32506326400252,3.679900545675355,1973.2298294226102,62.57380848459053,1,0.001,1,0.85
100,100,7,49.5645469437393,3.6592466955825564,1463.2960165467978,83.91711306540958,1,0.001,1,0.85
100,100,8,54.383387765944676,9.738984325995299,1977.1262839030826,78.38039184053646,1,0.001,1,0.85
100,100,7,86.24782105216434,3.8624168039530753,1510.315179558903,75.65346865950727,1,0.001,1,0.85
100,100,8,57.67662536850813,4.8925320264693335,1986.0537759967972,80.12082401552306,1,0.001,1,0.85
100,100,7,134.39602569347394,1.9763150497477127,4407.224831048834,81.6516225401345,1,0.001,1,0.85
100,100,11,79.59288672311756,8.411673237729058,4417.118043909698,79.3726405050045,1,0.001,1,0.85
100,100,7,99.63882335886794,2.784544694901424,4427.0112574850145,85.37456507445755,1,0.001,1,0.85
100,100,9,69.82029135565278,3.2923487630151573,2009.23202550429,81.55623080079737,1,0.001,1,0.85
100,100,7,28.470035228398878,3.1260101680606263,1483.4266272596483,81.38867239646498,1,0.001,1,0.85
100,100,7,61.940967410889954,3.546337020393838,4456.690902465919,80.12365747435537,1,0.001,1,0.85
100,100,7,86.23136106743821,7.367792591646305,2017.3001195750371,82.50977000436899,1,0.001,1,0.85
100,100,8,103.83294971684036,7.078323143473923,4476.477335967574,84.51027645407451,1,0.001,1,0.85
100,100,7,86.18736177215665,3.8944259749854804,2031.7335275016535,86.87789316667335,1,0.001,1,0.85
100,100,7,40.561404626442624,3.383160565598002,4496.263772251832,87.50898384835656,1,0.001,1,0.85
100,100,7,100.45810051585022,4.085806549962908,4506.156991429765,85.30355380381722,1,0.001,1,0.85
100,100,7,80.4975204749127,2.650725575526147,2045.2344753709222,82.19285329354561,1,0.001,1,0.85
100,100,7,15.85106710215568,1.5128296977916076,4525.943431842063,80.57545081007535,1,0.001,1,0.85
100,100,8,82.64535891737785,7.6540227931606815,2048.546647338778,80.58913593883105,1,0.001,1,0.85
100,100,12,104.82529312007983,6.698659361954824,2053.0104517262516,81.8860545665785,1,0.001,1,0.85
100,100,7,120.31680065079044,2.6679068449373005,4555.623097557094,83.77509968090689,1,0.001,1,0.85
100,100,7,82.25873042449102,5.5923635138928915,1571.7530442656252,82.3995722489934,1,0.001,1,0.85
100,100,8,106.45839492913235,6.068323956810927,2072.2364739912364,86.766749115083,1,0.001,1,0.85
100,100,7,104.62681768279788,6.183740651039367,1578.5795965171117,85.63356888379285,1,0.001,1,0.85
100,100,8,67.82471947813555,2.4306223780882066,4595.195994567276,84.36888386872208,1,0.001,1,0.85
100,100,7,161.4647440759976,2.4438495298298206,4605.089220477399,88.51927194848133,1,0.001,1,0.85
100,100,7,93.94687669747962,2.2973763609155657,4614.982447044888,86.79399653956173,1,0.001,1,0.85
100,100,8,57.80451063123843,3.543635721981643,2094.738242183914,84.17517524549288,1,0.001,1,0.85
100,100,8,80.06916871714519,2.8764242350641145,2099.2386068323594,84.75580876376873,1,0.001,1,0.85
100,100,8,114.30978237369881,3.453712407552833,2103.7389751141077,85.88619499656147,1,0.001,1,0.85
100,100,8,86.99809407587648,0.9086392046635128,4654.555359832071,87.93412234471106,1,0.001,1,0.85
100,100,8,77.86804942661662,1.8985671592564106,4664.448589644166,87.62979127205377,1,0.001,1,0.85
100,100,8,90.5193342941393,1.7198119262467804,2111.0402333561956,94.41961055118067,1,0.001,1,0.85
100,100,7,28.78233899851513,4.140394024113958,1612.7127104322958,85.26179592647621,1,0.001,1,0.85
100,100,7,124.64227421987086,3.727280047029706,4694.128282913536,97.08989302896134,1,0.001,1,0.85
100,100,7,84.24114267118836,8.779025274304352,2124.431804977531,77.80746667420125,1,0.001,1,0.85
100,100,8,45.69404544041713,4.162695938514797,4713.914748260782,80.54095734470712,1,0.001,1,0.85
100,100,7,42.137107817849156,1.7999160925232207,1626.3661168753315,84.3047524012677,1,0.001,1,0.85
100,100,8,105.47572212173549,2.0623434205882947,2144.2424506206066,92.69151068153676,1,0.001,1,0.85
100,100,7,108.54892136135638,3.9869926429184037,2148.742854399072,90.74745366912508,1,0.001,1,0.85
100,100,9,98.49579892577856,3.619341308448051,4753.487686462554,89.12928595392383,1,0.001,1,0.85
100,100,8,23.27835988895629,4.121597163214395,2157.7436723467763,90.10022362013535,1,0.001,1,0.85
100,100,8,36.8934771030286,5.489093174416358,4773.274159275468,86.72622307157988,1,0.001,1,0.85
100,100,9,122.82565743282845,11.23820435191044,4783.167396600958,89.0260663864961,1,0.001,1,0.85
100,100,7,66.62006672004912,5.658892149566197,1605.9990132104826,90.42771225944921,1,0.001,1,0.85
100,100,7,61.62836965930742,3.8530036431954224,4802.953873077222,90.38024416189354,1,0.001,1,0.85
100,100,8,87.9875866734752,5.64743475107573,2173.534492305419,85.80996513879333,1,0.001,1,0.85
100,100,7,99.66612855890784,2.852414591282766,4822.740351970566,86.6931500280065,1,0.001,1,0.85
100,100,7,61.466121831014085,4.86866145430458,4832.633592317496,88.57516661513839,1,0.001,1,0.85
100,100,7,62.195498350232526,2.873369427013828,2186.92620304093,92.27477000139913,1,0.001,1,0.85
100,100,9,99.83209236405106,5.86392742306759,2191.3901130319086,87.05661099566706,1,0.001,1,0.85
100,100,8,92.83065275335625,7.291165660736663,4862.313316929975,88.4295914811673,1,0.001,1,0.85
100,100,7,76.29153219253658,3.23955944239643,4872.206559650034,93.70728056137011,1,0.001,1,0.85
100,100,7,114.77651853775942,3.9755785286596144,4882.099802957369,90.8737907377402,1,0.001,1,0.85
100,100,8,54.114486357388564,4.836300247160521,2216.249319342444,90.83255358961473,1,0.001,1,0.85
100,100,8,118.09015826262089,10.597107708220225,2220.749776929815,91.42568045725035,1,0.001,1,0.85
100,100,7,66.75325425490412,0.6492875334411248,4911.77953637914,92.02387900710733,1,0.001,1,0.85
100,100,7,169.8242480399659,2.2356840735785646,2229.7507018340034,79.81419460362179,1,0.001,1,0.85
100,100,7,91.65343003940811,6.174807331510667,4931.566028219964,79.22142838317293,1,0.001,1,0.85
100,100,7,85.14616660529393,1.9455446156939047,4941.459275001299,94.80786641624925,1,0.001,1,0.85
100,100,8,63.348807167425775,2.9450006858152333,4951.352522353525,80.03643722235711,1,0.001,1,0.85
100,100,11,145.15767453484756,3.2339338158544404,2247.752590199359,80.42001689566689,1,0.001,1,0.85
100,100,7,58.56911521386161,4.79955164388287,2244.9572776600626,87.97576968338734,1,0.001,1,0.85
100,100,7,112.14023743020476,7.394577847243349,4981.032267813006,95.0473434979864,1,0.001,1,0.85
100,100,8,89.32834797851977,6.217331188476265,4990.925517426298,84.54761619891507,1,0.001,1,0.85
100,100,7,101.41398698723869,6.001677923946057,2258.349137916901,86.1125550444565,1,0.001,1,0.85
100,100,9,40.67281518352164,4.879054262086404,2262.813097348344,86.72580062529065,1,0.001,1,0.85
100,100,7,73.18131062976954,5.543186876694748,2274.755517614426,84.80240408866786,1,0.001,1,0.85
100,100,8,107.48231295050805,8.067631984208871,1732.1829457842723,88.55652719300487,1,0.001,1,0.85
100,100,8,64.57417606834903,6.534800616450201,5040.3917738434775,93.45919708486271,1,0.001,1,0.85
100,100,7,84.78188491437142,1.3448233570797776,5050.285026781763,94.93816883322785,1,0.001,1,0.85
100,100,11,59.33350367212492,1.982536835876415,2292.757531305386,94.87959832452782,1,0.001,1,0.85
100,100,10,78.30229191848235,3.5400127010814373,5070.071534295992,94.73920720975886,1,0.001,1,0.85
100,100,7,131.14247765165615,2.569714489179481,2301.7585564849132,94.93033785548516,1,0.001,1,0.85
100,100,9,90.60526554040783,4.260399896712449,2306.259073616753,90.96424205679975,1,0.001,1,0.85
100,100,8,109.98280155277456,5.706367943715064,2310.759593760696,94.22105372715811,1,0.001,1,0.85
100,100,9,93.83003586909936,8.179410660242231,5109.644555814797,98.31962106541616,1,0.001,1,0.85
100,100,8,140.343254528097,9.366940061334075,2311.916845643845,90.97561547880817,1,0.001,1,0.85
100,100,9,65.40806616085408,4.4524506897259615,5129.431069785407,99.57376953757817,1,0.001,1,0.85
100,100,10,63.13124712723424,6.92598290766893,2320.8448375079006,99.13605984960064,1,0.001,1,0.85
100,100,10,66.77507051387411,6.655291456201057,5149.217585875142,94.97652237054739,1,0.001,1,0.85
100,100,8,54.597818558664315,6.614992461490179,2337.7627772255646,98.1802222955821,1,0.001,1,0.85
100,100,11,117.0929786361639,5.507173238466801,5169.004104068005,99.8821479462233,1,0.001,1,0.85
100,100,9,30.952055870081747,4.791847811662201,5178.8973639481155,97.57686451415184,1,0.001,1,0.85
100,100,9,86.5331043790253,1.249900940121613,2351.264408689264,101.03877318236928,1,0.001,1,0.85
100,100,9,42.76000583634834,7.741534066980341,5198.683885265773,99.28349611758374,1,0.001,1,0.85
100,100,7,35.75565344940398,4.756643766690185,2360.2655108420736,102.99371750575416,1,0.001,1,0.85
100,100,9,89.03193425812734,5.767686355356933,5218.470408646783,102.48777967784503,1,0.001,1,0.85
100,100,9,35.48209554637683,1.985791552830665,5228.363671106137,103.17195243191887,1,0.001,1,0.85
100,100,9,127.47699694707393,4.710770279057218,2373.767185615135,104.31467316395748,1,0.001,1,0.85
100,100,8,126.11327530279968,7.5708794342818795,5248.150197552843,100.49378550434372,1,0.001,1,0.85
100,100,8,38.53278823183501,2.6994414136187737,5258.043461536352,97.29076884854925,1,0.001,1,0.85
100,100,16,82.39676722673204,3.5733376822409766,2387.2688859808413,95.75619830364664,1,0.001,1,0.85
100,100,7,83.27063317423566,3.547448424443327,2383.341093690649,95.28029974849657,1,0.001,1,0.85
100,100,7,51.79124282773806,5.0069363981451325,5287.723256504821,101.46597052641965,1,0.001,1,0.85
100,100,8,126.20831192985824,1.4737277294882447,2392.2691740135774,99.61154722727798,1,0.001,1,0.85
100,100,7,80.99001731172214,3.2079516029336625,5307.509788979963,102.01829764439873,1,0.001,1,0.85
100,100,7,32.299279338030225,3.7186548839670794,2409.7717760213013,100.56083371619931,1,0.001,1,0.85
100,100,8,48.14966452914379,1.9281566578632916,5327.2963234345725,99.97163272351709,1,0.001,1,0.85
100,100,7,110.56374513712007,2.6988945286645425,5337.189591399578,99.0517048619752,1,0.001,1,0.85
100,100,8,63.45272207255572,3.5883045733405674,5347.082859853961,93.34577459290405,1,0.001,1,0.85
100,100,7,153.3174442973519,4.8101334075342415,2427.774137791288,88.83841281486085,1,0.001,1,0.85
100,100,7,81.22217251363915,4.215191976397675,2432.2747350561503,89.95760360478599,1,0.001,1,0.85
100,100,9,86.0595249190981,3.310474976789748,5376.762668135285,99.42491645828238,1,0.001,1,0.85
100,100,8,92.92078456369698,4.936554251643911,2441.2759377026923,98.19171531571064,1,0.001,1,0.85
100,100,9,105.06549575065787,7.1685321150731305,1801.659305938483,100.52983320939556,1,0.001,1,0.85
100,100,8,115.5697996798526,2.90919491518499,5406.442480756539,103.78808930770552,1,0.001,1,0.85
100,100,7,41.405675760086545,6.847759176061281,5416.3357525865495,96.00940122888365,1,0.001,1,0.85
100,100,8,137.47661714927895,2.845295930820443,5426.229024891781,96.58380057227751,1,0.001,1,0.85
100,100,7,138.7321171739282,7.17000601329242,5436.122297670494,104.40911177969203,1,0.001,1,0.85
100,100,8,42.12710611053941,9.390576370416372,5446.015570920959,109.36243351038773,1,0.001,1,0.85
100,100,7,66.06706368646564,3.1715963874058897,5455.908844641457,100.96142683787582,1,0.001,1,0.85
100,100,7,9.7481210178941,6.687809504146134,5465.802118830277,100.54435091306085,1,0.001,1,0.85
100,100,15,104.85530458445565,3.3205803095203583,2472.6223684694564,106.92063631470472,1,0.001,1,0.85
100,100,6,46.403320758089265,3.667583222239172,5485.588668606124,105.63830525048837,1,0.001,1,0.85
100,100,7,119.8168147657845,2.0127152236094954,5495.481944189814,110.12616199613124,1,0.001,1,0.85
100,100,7,69.94346820824916,4.073221028839654,5505.375220235137,106.15698003834332,1,0.001,1,0.85
100,100,7,134.98173003171098,3.4474291293482846,5515.268496740435,101.00228820701216,1,0.001,1,0.85
100,100,8,116.9216693206165,3.3076133347780363,2494.9428463616787,98.40506831482348,1,0.001,1,0.85
100,100,8,102.90026253691721,5.019860359927609,2499.406949343558,103.88874324225907,1,0.001,1,0.85
100,100,7,83.14449270693277,3.0531586751024373,2513.285939607709,103.73690575231521,1,0.001,1,0.85
100,100,10,75.00725898537937,4.126147431894075,5554.841607328456,104.42810768893503,1,0.001,1,0.85
100,100,8,70.96388425097928,5.23262319470666,2512.7992729377956,104.11566251740184,1,0.001,1,0.85
100,100,7,78.90731009058611,4.723053086119147,2526.7878884321976,100.2897175037378,1,0.001,1,0.85
100,100,8,122.25839327863476,4.6975234424056405,5584.52144501888,108.38007856411079,1,0.001,1,0.85
100,100,9,94.43954391618948,5.039819755908654,5594.414725145146,98.54945129650338,1,0.001,1,0.85
100,100,8,52.4193563316418,6.040980129599753,5604.308005716854,107.94847676885882,1,0.001,1,0.85
100,100,8,104.48393765849565,2.49204219612451,5614.201286732433,107.58253021151634,1,0.001,1,0.85
100,100,7,53.15902858373356,1.0602122036017958,2549.2911865672886,107.55572437405183,1,0.001,1,0.85
100,100,7,130.60078001862766,3.5548466098840183,5633.987850088886,107.59163481299854,1,0.001,1,0.85
100,100,7,200.490860405591,6.970564419734108,5643.881132426651,103.45885248602048,1,0.001,1,0.85
100,100,8,27.62476863656164,7.225709725395474,5653.77441520205,108.02980781701211,1,0.001,1,0.85
100,100,8,44.93659524487402,5.4439708310361485,2567.29386953007,105.30782195492051,1,0.001,1,0.85
100,100,8,87.58634845372781,5.967177416684178,2561.9046441408764,101.82149043684397,1,0.001,1,0.85
100,100,8,28.40656359489744,3.2156378607621443,5683.454266138772,98.70169520769154,1,0.001,1,0.85
100,100,7,106.0640691838079,0.6485180461940236,5693.34755064948,94.39912248162062,1,0.001,1,0.85
100,100,8,54.820520956089055,7.330340071848632,2585.2965914091155,103.11128788397977,1,0.001,1,0.85
100,100,7,87.21413084083557,6.136049590976945,2579.7612132143113,101.48886380773402,1,0.001,1,0.85
100,100,7,77.77669345187662,4.937127980822119,1917.9850799668607,106.41812102154772,1,0.001,1,0.85
100,100,7,78.94796839550784,3.028177062151854,1974.5546730661727,94.28688739806316,1,0.001,1,0.85
100,100,8,63.12434604796356,9.82143789377362,2603.299351666825,109.07790128201701,1,0.001,1,0.85
100,100,7,139.07997958566804,2.0540397221685707,2607.800047666125,102.3374127497838,1,0.001,1,0.85
100,100,7,80.4976399063664,4.827794227376459,2602.0819761812304,96.48244245249757,1,0.001,1,0.85
100,100,8,78.40888282191096,4.71814070320802,5772.493842094425,100.2543376696398,1,0.001,1,0.85
100,100,7,114.1936927662021,8.197086925696652,2621.302149777116,103.1194217077213,1,0.001,1,0.85
100,100,11,83.95233177529326,2.9865202963689184,2615.4744611175865,115.15489535058785,1,0.001,1,0.85
100,100,7,99.88241630124537,3.044741838391735,5802.173708329317,107.29245049307775,1,0.001,1,0.85
100,100,7,59.87234569608488,6.391914632121198,5812.066997904292,106.24453181353226,1,0.001,1,0.85
100,100,7,48.520694205124435,6.722714976009315,2628.866966166614,105.68225032245044,1,0.001,1,0.85
100,100,7,102.39288062108892,3.4249258736402632,2643.8056998563334,109.47660052888187,1,0.001,1,0.85
100,100,7,100.36209338962381,6.102980392907696,5841.74686909979,112.66206935997795,1,0.001,1,0.85
100,100,7,126.95787563634315,4.99423952400029,2015.5209420966862,114.8123730874861,1,0.001,1,0.85
100,100,8,101.20486161449696,1.7598159741753485,5861.533451941772,112.24404692260657,1,0.001,1,0.85
100,100,7,116.0297802816964,5.77881923989605,2651.187852053811,116.50078520274543,1,0.001,1,0.85
100,100,7,195.88297610031333,4.788553037560998,5881.320036406838,117.15175821190024,1,0.001,1,0.85
100,100,9,45.75195936198806,5.93844236478214,2670.8100355697757,112.03557659506363,1,0.001,1,0.85
100,100,8,95.28984962683967,3.4113886119086665,5901.106622483892,121.54216863354512,1,0.001,1,0.85
100,100,8,228.28812943354336,2.7754273458381875,5910.999916123512,111.34330723440596,1,0.001,1,0.85
100,100,8,50.192863553252664,3.549848572626846,1984.3695303726201,114.10899507243484,1,0.001,1,0.85
100,100,7,110.37502504634449,7.384297085046282,2677.9729868079316,117.79110383120238,1,0.001,1,0.85
100,100,7,91.79561728875535,4.084570393262626,5940.679799430887,116.49282352063096,1,0.001,1,0.85
100,100,8,123.80152330242363,4.513366022970454,2697.8144522094913,109.71234556247042,1,0.001,1,0.85
100,100,7,78.13083997399283,1.8672654981120775,5960.4663902798275,104.60580126609767,1,0.001,1,0.85
100,100,8,81.056239408534,4.2690298133096745,2695.8297860359803,105.87583151782444,1,0.001,1,0.85
100,100,7,45.42930538005974,2.0050041890824213,2711.316690373545,119.76680957056118,1,0.001,1,0.85
100,100,7,75.17118765154123,3.937798455144588,5990.146279493158,114.87199348461115,1,0.001,1,0.85
100,100,10,126.9663221337616,5.42673266803841,2066.729514102998,117.07151703210201,1,0.001,1,0.85
100,100,8,81.10343761787198,5.264886673374089,2724.8189481705617,122.00086089604447,1,0.001,1,0.85
100,100,8,84.4803320927736,5.5861924816749475,6019.826172203289,118.28985979146776,1,0.001,1,0.85
100,100,8,75.74629893857752,6.076211259829759,2013.8369464978464,116.64867378097114,1,0.001,1,0.85
100,100,7,62.4191104000947,5.636083875050132,6039.612769269013,114.77764483359583,1,0.001,1,0.85
100,100,8,47.561971272891,1.0889627586372408,2731.5434850107167,116.12900856490407,1,0.001,1,0.85
100,100,7,178.40052043749583,3.4191284752709703,2747.322754269257,117.60143219483541,1,0.001,1,0.85
100,100,7,60.86317294708688,1.3232363448674018,6069.292667730895,118.57909667274225,1,0.001,1,0.85
100,100,7,88.69001754713204,2.7735893471745117,6079.185967976788,116.49938643754894,1,0.001,1,0.85
100,100,7,110.8329427832295,4.520347827614955,6089.079268599924,120.71873762167618,1,0.001,1,0.85
100,100,9,119.69849876932292,2.831722447144483,2753.864613673031,121.04187335671605,1,0.001,1,0.85
100,100,8,193.23035319657077,4.481420257754475,2758.3288454783547,120.22591823663933,1,0.001,1,0.85
100,100,7,85.27431756612606,8.766503940358767,6118.759172720523,116.65944673277048,1,0.001,1,0.85
100,100,7,205.04340575835099,3.805171723715703,6128.652474840395,119.87801854838054,1,0.001,1,0.85
100,100,7,79.94241577430975,2.550971683143425,2783.328954163688,119.94884577445693,1,0.001,1,0.85
100,100,9,72.11743710059906,5.0514392698554955,2060.7132807379658,117.77814949172395,1,0.001,1,0.85
100,100,8,74.87430822340703,3.045295532841764,6158.332383422208,118.5937327238497,1,0.001,1,0.85
100,100,7,110.97249790541005,3.62544966457031,6168.225687019576,120.74159987133382,1,0.001,1,0.85
100,100,7,86.30432979263247,4.282761362754805,2070.671283560548,119.85281808959456,1,0.001,1,0.85
100,100,8,153.48689131481464,4.135625483192499,2073.990623927011,117.6170788151414,1,0.001,1,0.85
100,100,7,130.64211394527177,8.861987315801333,2798.507021357514,118.8460354791367,1,0.001,1,0.85
100,100,10,94.62955025764857,6.070170900124143,2814.8344878850876,117.73052568529788,1,0.001,1,0.85
100,100,7,32.22113805837174,6.203055065626601,2819.3352865661886,113.48862992916118,1,0.001,1,0.85
100,100,8,72.13541171413439,2.684804902886344,2071.8068811710755,117.0877280756911,1,0.001,1,0.85
100,100,7,148.20541667296163,7.037145833425133,2828.3368899755155,120.67969347011875,1,0.001,1,0.85
100,100,8,110.40343541559187,0.68108441866042,6247.372128891668,119.34299070856014,1,0.001,1,0.85
100,100,7,99.51783543976822,6.041038525689972,2825.2925600551534,122.20137639695986,1,0.001,1,0.85
100,100,8,99.86976226655851,2.6285156212254273,6267.15874295446,122.6979707712766,1,0.001,1,0.85
100,100,8,117.45537534411761,4.146132248982532,6277.0520505188415,125.24878407789895,1,0.001,1,0.85
100,100,7,195.62409044251862,2.5080592970680637,6286.94535843706,130.9588551249831,1,0.001,1,0.85
100,100,7,131.6969834370941,5.897711972706884,2843.149624231124,126.49054813008775,1,0.001,1,0.85
100,100,9,42.60061071986394,4.079048985660006,6306.731975330566,120.21283854807382,1,0.001,1,0.85
100,100,7,48.06326690255733,4.249333749674663,6316.625284303636,124.46482509394271,1,0.001,1,0.85
100,100,8,133.7696411805679,5.0258758125546255,2868.8442038420344,120.21917949808669,1,0.001,1,0.85
100,100,7,66.55017167682564,2.341853221193725,2861.006718660197,126.53937589882118,1,0.001,1,0.85
100,100,7,130.1256980646227,6.075285372697601,2877.8458507436235,118.22634813848885,1,0.001,1,0.85
100,100,7,117.00559676082474,8.010495848193656,6356.198523679108,114.74500944031348,1,0.001,1,0.85
100,100,8,44.37777205355843,1.738268425735797,2886.8475053923958,112.2516656834055,1,0.001,1,0.85
100,100,7,106.55374131173639,2.6159430466763345,6375.985145441557,113.54988255989464,1,0.001,1,0.85
100,100,8,79.3494452106236,5.2312278898712945,6385.87845683772,120.1311151242171,1,0.001,1,0.85
100,100,7,35.84387651823427,3.597732572948363,6395.771768575759,123.32816168464787,1,0.001,1,0.85
100,100,8,127.4373887749115,5.907252426418999,6405.66508065462,121.0548725283172,1,0.001,1,0.85
100,100,8,82.04183323918656,2.0356669256145534,2909.351675595468,121.85533452403149,1,0.001,1,0.85
100,100,8,123.70902762892729,1.8734852227949508,6425.451705830612,125.69352372071722,1,0.001,1,0.85
100,100,7,123.4940267998943,2.1003541064783025,6435.345018925634,118.52596304793053,1,0.001,1,0.85
100,100,7,77.2778948344785,1.7995830799527859,2220.359763731937,117.94353314438757,1,0.001,1,0.85
100,100,8,98.75413049449881,7.7952535281109725,2927.3550459091803,124.44473449631923,1,0.001,1,0.85
100,100,7,142.35349604944477,5.086314464237326,6465.024960226347,130.19276926111507,1,0.001,1,0.85
100,100,7,100.75870421010111,7.578098549496421,2923.5067820298564,118.59930211150011,1,0.001,1,0.85
100,100,8,69.47725266676103,3.6110013361597058,6484.811589429601,133.23248577028374,1,0.001,1,0.85
100,100,7,80.70854146519795,3.6837598060538213,6494.704904529019,136.04941926435794,1,0.001,1,0.85
100,100,10,71.8979693205394,9.06685627108503,6504.598219958951,135.78807249089775,1,0.001,1,0.85
100,100,14,165.18275197722213,10.269717171751111,2954.360157427932,118.8791671347054,1,0.001,1,0.85
100,100,7,111.12727356621033,3.320841748728258,6524.38485180636,125.30453296463111,1,0.001,1,0.85
100,100,7,82.8113075480365,2.9098987487500247,6534.278168221843,129.22259336409735,1,0.001,1,0.85
100,100,7,140.32641384296616,6.6387983269671444,6544.171484963852,127.91157405761712,1,0.001,1,0.85
100,100,7,113.22836817298959,1.9137230366045919,2257.9147835542517,127.40560844273548,1,0.001,1,0.85
100,100,7,28.111370154289432,7.474257101056978,2976.864467628674,126.18632431121284,1,0.001,1,0.85
100,100,8,187.79900871988042,3.408088430348288,6573.851437139129,133.31845262460905,1,0.001,1,0.85
100,100,7,91.88326679057931,10.646141065672339,2985.866204420512,138.60431629250627,1,0.001,1,0.85
100,100,7,152.33499019068074,3.8404347596977164,6593.638073537253,130.22706654171137,1,0.001,1,0.85
100,100,8,257.1746897016668,8.646440287580852,6603.531392217788,129.5858505295483,1,0.001,1,0.85
100,100,7,165.9831163461093,7.21126638394591,6613.424711218018,135.46245956805,1,0.001,1,0.85
100,100,12,63.705708604236925,2.6340262557503733,2212.766051621456,131.71865958026828,1,0.001,1,0.85
100,100,7,143.87943142809053,1.6426502913112824,3008.370577799299,136.63382349369215,1,0.001,1,0.85
100,100,7,124.00809139368842,3.6108851965582103,2288.6418797659117,133.63539389998027,1,0.001,1,0.85
100,100,9,118.39131370586364,9.129483272683855,3017.372339598439,132.94499043538224,1,0.001,1,0.85
100,100,7,102.91694020102668,3.3962527754230116,2295.4701546589736,128.87548985267978,1,0.001,1,0.85
100,100,8,76.05886091063616,6.583924542993422,6672.784631880038,130.5882056426452,1,0.001,1,0.85
100,100,8,106.12167315078683,6.256277567274587,3030.8749955012045,131.67647187786267,1,0.001,1,0.85
100,100,7,37.55791775179105,3.6171585351512325,6692.571274615517,123.59428740638032,1,0.001,1,0.85
100,100,7,147.17246948981148,3.1164624187478225,3039.8767748449754,129.4064205813322,1,0.001,1,0.85
100,100,8,178.3735461761521,2.4824531200383677,6712.357918596004,124.02376303597345,1,0.001,1,0.85
100,100,7,88.37075887672202,7.663204132628532,6722.251241050846,129.14480516005705,1,0.001,1,0.85
100,100,10,90.72575578660033,5.536612333235199,3053.379456870753,128.99044507861703,1,0.001,1,0.85
100,100,10,53.38536395648567,6.228090472663106,3044.043595797283,125.26150673083319,1,0.001,1,0.85
100,100,7,81.12119035964876,2.842795242637205,2263.197752549301,129.22002239600153,1,0.001,1,0.85
100,100,7,61.38147431489912,2.734888844135849,6761.824533946418,123.51642098180358,1,0.001,1,0.85
100,100,7,81.26172828448496,8.345757042213016,3057.4366511188255,126.49432511489925,1,0.001,1,0.85
100,100,8,102.64582617991394,2.5012162605998487,6781.611182227308,129.93863401668636,1,0.001,1,0.85
100,100,7,114.32771699693714,2.392198539226386,3080.384867257899,130.7179408675279,1,0.001,1,0.85
100,100,7,127.0408769121542,2.8200266901324014,6801.397831720742,127.02688293750994,1,0.001,1,0.85
100,100,8,100.70860249681891,5.5508125968681,3089.3866843021533,134.93366019834374,1,0.001,1,0.85
100,100,7,77.1847573268027,1.7563377978576105,3079.7584426220674,140.85252463568742,1,0.001,1,0.85
100,100,8,107.03482965226188,2.7016602649485906,6831.0778082190245,127.70680709679095,1,0.001,1,0.85
100,100,7,161.02652038083372,1.8343523214927882,6840.971134317146,134.21123984286498,1,0.001,1,0.85
100,100,8,116.08175295398763,2.959133964240662,6850.8644607131755,138.31881990204778,1,0.001,1,0.85
100,100,7,137.87503288072446,4.345682711507593,6860.757787406255,136.94547344791465,1,0.001,1,0.85
100,100,8,115.08271601655952,3.546350943634912,6870.651114395525,136.09179823706484,1,0.001,1,0.85
100,100,7,137.39339399720518,4.245167973755227,6880.544441680129,131.9177579579906,1,0.001,1,0.85
100,100,8,136.590932517576,4.277736489450085,3111.0090182689264,141.2201013622737,1,0.001,1,0.85
100,100,7,122.3207614797493,7.535761133470103,3129.8949436684943,131.91890988431237,1,0.001,1,0.85
100,100,9,26.60810371077353,3.913700575312868,6910.22442529745,141.34113269923608,1,0.001,1,0.85
100,100,7,52.81379622728656,3.968927608269774,6920.117753754919,133.87370049011682,1,0.001,1,0.85
100,100,7,72.4046759496209,7.325004507623714,6930.01108250351,138.68422748764678,1,0.001,1,0.85
100,100,9,156.72047998783222,4.650517643468811,3147.8986572965864,136.06704676346888,1,0.001,1,0.85
100,100,8,129.87730908095932,4.88007286109022,6949.797740870759,145.24312196219097,1,0.001,1,0.85
100,100,7,99.47807296967984,4.346857214079018,6959.691070487761,139.15360231385415,1,0.001,1,0.85
100,100,7,49.282797496417636,1.419089042736591,6969.584400392582,136.69886106356287,1,0.001,1,0.85
100,100,8,236.40647753239313,6.65521285560781,6979.477730584416,133.24086892342478,1,0.001,1,0.85
100,100,8,94.33133087964583,4.62811848969094,6989.371061062449,136.03717697250312,1,0.001,1,0.85
100,100,7,131.233587246759,6.4142932619944855,6999.264391825867,135.40508502093854,1,0.001,1,0.85
100,100,8,101.80017176949697,3.6897009192334425,7009.157722873862,135.8784282850937,1,0.001,1,0.85
100,100,7,185.22415151799945,5.3945918235239425,7019.05105420563,136.42136310438298,1,0.001,1,0.85
100,100,8,142.93161560786308,3.923445674571319,7028.944385820369,129.51338392194597,1,0.001,1,0.85
100,100,9,53.84989304086663,9.483573086636508,7038.837717717286,134.33588639817066,1,0.001,1,0.85
100,100,7,58.40442700883428,2.923458102314431,3197.409002508982,134.6151359510804,1,0.001,1,0.85
100,100,7,107.10528349307671,1.9413095726794602,2432.0379264767334,148.4433601424316,1,0.001,1,0.85
100,100,8,94.19026621445794,6.786130638117392,7068.5177150932395,142.8429468294731,1,0.001,1,0.85
100,100,7,88.1921209084972,2.276870124055473,7078.411048111009,139.80316039343066,1,0.001,1,0.85
100,100,8,100.20519538237338,2.357723217678177,7088.304381407033,142.6819349139487,1,0.001,1,0.85
100,100,8,113.97776238994317,2.87927072751891,7098.197714980537,139.27875634240962,1,0.001,1,0.85
100,100,7,204.92006798918237,2.9415535730840325,3224.414725798799,141.12154452181204,1,0.001,1,0.85
100,100,7,136.6421080609084,2.9926042885676907,3228.915685108902,142.73496245605642,1,0.001,1,0.85
100,100,7,68.00620311241798,2.390682559640099,3233.4166459584194,134.29461515560564,1,0.001,1,0.85
100,100,7,199.57257747880652,2.980423089416732,3222.6188380246163,136.10855796505896,1,0.001,1,0.85
100,100,9,150.73886311778443,3.996807698570815,3242.4185722586617,138.58055546885262,1,0.001,1,0.85
100,100,7,148.52755515174783,6.567476549816741,3231.5476642005133,143.40511237865255,1,0.001,1,0.85
100,100,8,132.02949707356942,2.706784574471505,2469.594785398962,138.98765557147166,1,0.001,1,0.85
100,100,10,121.96261870641624,6.119246571858586,7177.344393465565,138.6023900935196,1,0.001,1,0.85
100,100,8,163.9611574675381,8.105231199332625,7187.237729501958,127.24602648907546,1,0.001,1,0.85
100,100,9,48.53406662533628,2.2572047156758566,7197.131065808245,123.78554699639811,1,0.001,1,0.85
100,100,9,134.9333134479951,3.7043903230842443,3269.4243876665682,145.49178146574621,1,0.001,1,0.85
100,100,8,55.99646543183064,2.177143132723682,7216.917739227536,133.10096480553509,1,0.001,1,0.85
100,100,8,93.02910351822071,2.6878289266571223,3262.7986016990662,140.36348883336987,1,0.001,1,0.85
100,100,9,152.1506499245678,1.9400464309238372,7236.704413717522,140.73848556421,1,0.001,1,0.85
100,100,9,112.43428363392914,7.3128345542719195,3271.7274539621058,139.8173394679796,1,0.001,1,0.85
100,100,9,77.54852648798901,3.720199036576378,3291.9292751741123,140.9009822135713,1,0.001,1,0.85
100,100,7,202.30835232120415,6.1883071512261925,7266.384427447257,143.87422596071576,1,0.001,1,0.85
100,100,7,246.53375632190807,6.727020043558778,2507.1519379134606,147.71112335058376,1,0.001,1,0.85
100,100,9,120.12141274591444,4.565257369126478,7286.171104588505,143.01027618091396,1,0.001,1,0.85
100,100,7,231.03429340269213,5.497599199674765,3309.9332118668494,140.79269692168367,1,0.001,1,0.85
100,100,10,174.96500731742933,9.322783433863684,3314.4341997130846,148.51902832041628,1,0.001,1,0.85
100,100,9,142.08850698602623,4.475008712589042,7315.851122268223,147.39183314006027,1,0.001,1,0.85
100,100,7,38.09995409778548,2.905774896305319,3323.436179785381,150.87807063032756,1,0.001,1,0.85
100,100,8,33.551310856665324,4.554791041131197,7335.637802024965,150.32594390563904,1,0.001,1,0.85
100,100,9,58.05209742994308,1.833723694670936,7345.531142292296,150.23055662035384,1,0.001,1,0.85
100,100,12,229.74374291090658,2.5449353416380305,7355.424482818005,144.79565506841317,1,0.001,1,0.85
100,100,6,113.7887118813043,5.506185731271504,7365.317823601401,138.96862590030634,1,0.001,1,0.85
100,100,8,153.4685685298419,5.319295319415413,2472.3310174021244,139.47132567391486,1,0.001,1,0.85
100,100,11,100.09595926158093,3.4819728060837662,7385.104505938498,141.8572910911257,1,0.001,1,0.85
100,100,9,92.08569095937243,2.6979663040385278,7394.997847490826,140.59375142539875,1,0.001,1,0.85
100,100,9,181.62848568656784,3.28998137130564,7404.8911892981,145.2947552633163,1,0.001,1,0.85
100,100,10,202.75890797318834,2.182296094356243,7414.784531359637,149.7390328941537,1,0.001,1,0.85
100,100,8,143.2637915275779,3.3383179041803883,7424.677873674762,153.08775423185463,1,0.001,1,0.85
100,100,9,83.36587386883514,6.974488149397881,7434.5712162427935,156.99592921164165,1,0.001,1,0.85
100,100,9,106.30589064802177,3.4454514342490357,7444.464559063055,137.12993334354735,1,0.001,1,0.85
100,100,10,175.53943406702035,7.216251203645697,3381.949190569787,140.93235157030188,1,0.001,1,0.85
100,100,9,57.078536123955416,4.330444957101788,7464.251245457584,144.80558457129376,1,0.001,1,0.85
100,100,9,154.7591976264772,9.31603309465209,7474.144589030519,145.3757026295978,1,0.001,1,0.85
100,100,8,153.46205104951952,6.515385709062594,2489.347074893209,145.7415476596458,1,0.001,1,0.85
100,100,7,109.7103891545797,7.355858750036791,3383.3385792071044,145.56995327045522,1,0.001,1,0.85
100,100,7,81.84456875046065,2.9525047726470603,2507.8621924685094,151.3361405712587,1,0.001,1,0.85
100,100,8,46.83538753173568,2.7979479942766785,7513.717965811349,148.45695312346749,1,0.001,1,0.85
100,100,8,171.48154531849383,5.936796863399795,3413.456295162007,158.40606480878853,1,0.001,1,0.85
100,100,7,286.7103787443412,4.860283109498936,7533.504655686087,154.4357515336614,1,0.001,1,0.85
100,100,8,104.22635444469505,6.567974926798005,3405.660906178787,152.48650138665218,1,0.001,1,0.85
100,100,7,110.04338208877469,8.19403435889874,3426.959360728734,154.53761144613406,1,0.001,1,0.85
100,100,11,101.23027227839904,11.19997319724644,3431.460385323154,158.45846263811262,1,0.001,1,0.85
100,100,8,66.00913125316096,7.829175568980567,7573.078038378242,149.79312746874848,1,0.001,1,0.85
100,100,7,122.88157240072478,4.051806386117019,7582.971384660594,150.79894690654191,1,0.001,1,0.85
100,100,9,151.98260811019964,5.878091535594151,3444.9634672728753,151.09885547440788,1,0.001,1,0.85
100,100,8,129.49836778219583,5.527023218899403,7602.758077952032,150.4444686918735,1,0.001,1,0.85
100,100,8,103.01239596164157,1.5228527280936186,7612.651424959862,153.83747982966867,1,0.001,1,0.85
100,100,8,132.43127837454134,4.373549748673046,7622.544772208266,162.49957109263698,1,0.001,1,0.85
100,100,10,162.8858210902524,6.240511744989636,7632.438119696624,150.0715377584561,1,0.001,1,0.85
100,100,8,143.94174138493304,3.6970675864053693,3467.46863086587,150.8733255939592,1,0.001,1,0.85
100,100,10,117.70541450728504,1.2039685458684284,3471.9696676045714,157.4750225058474,1,0.001,1,0.85
100,100,9,60.95817466584647,3.6130692735445833,7662.1181635951825,148.93816377964254,1,0.001,1,0.85
100,100,9,58.91869475667521,2.7109622021564324,7672.011512037135,142.82498113522388,1,0.001,1,0.85
100,100,7,84.79497794235178,2.858098201776717,3485.472785798326,161.47201746482332,1,0.001,1,0.85
100,100,8,107.48358179383365,6.579993135091377,7691.798209631009,157.89905129125606,1,0.001,1,0.85
100,100,8,112.88142307980996,1.3150134677180665,7701.691558781708,149.17476766550135,1,0.001,1,0.85
100,100,9,132.84445038889945,2.0717560060989153,3498.9759158867037,161.65976067024798,1,0.001,1,0.85
100,100,9,123.84529532029562,3.957921639999244,3503.4769618769524,150.92537389608407,1,0.001,1,0.85
100,100,7,47.817383202559256,2.780866370981244,2591.8396407421365,156.1732914387284,1,0.001,1,0.85
100,100,10,76.27114218470957,5.016000766303376,3512.479057778585,151.9863096592444,1,0.001,1,0.85
100,100,8,193.4391823453926,3.0468580786095814,7751.158308048813,155.7044761634495,1,0.001,1,0.85
100,100,7,78.3434345017385,7.477499566641824,3521.4811588860725,158.89432457500175,1,0.001,1,0.85
100,100,9,214.80218834404212,2.8255042384253635,3508.3440279246515,164.31690183475803,1,0.001,1,0.85
100,100,9,118.77847367310397,4.463990790693021,2608.4382648593532,158.6608605839255,1,0.001,1,0.85
100,100,8,145.87443645699534,1.1229702036138236,7790.7317116430495,157.76773579715643,1,0.001,1,0.85
100,100,9,98.60768444078226,2.853903112393105,7800.625063117313,157.71220648288548,1,0.001,1,0.85
100,100,8,118.13385030122832,5.215987980340785,7810.51841482069,158.82550166751633,1,0.001,1,0.85
100,100,7,119.91138128378869,6.070744280337889,7820.411766752601,155.53991896938425,1,0.001,1,0.85
100,100,9,172.93405684773154,1.321805786481075,7830.305118912473,148.59619061640876,1,0.001,1,0.85
100,100,9,99.83568876015906,3.002336904953111,7840.198471299731,159.06370954664754,1,0.001,1,0.85
100,100,9,89.81821903997678,4.402578611417203,7850.091823913803,153.66530258753616,1,0.001,1,0.85
100,100,9,200.0751318210108,3.8524757787042043,7859.985176754115,162.63299111135927,1,0.001,1,0.85
100,100,9,84.18155683543807,5.749297939713441,3570.9928068542827,160.32107730070425,1,0.001,1,0.85
100,100,10,169.9064115308071,5.929196988876288,7879.771883111188,163.30887649273478,1,0.001,1,0.85
100,100,9,178.10734027536927,7.308851795979117,7889.665236626812,157.36792091139586,1,0.001,1,0.85
100,100,8,126.94896634605993,5.3513124858642955,7899.558590366408,163.7163036450396,1,0.001,1,0.85
100,100,9,61.50003809921188,6.535835022196298,3588.997080480697,145.32318850420944,1,0.001,1,0.85
100,100,9,111.4628720680053,2.8961755504926585,7919.345298515271,163.87318567996303,1,0.001,1,0.85
100,100,7,126.86830753710538,1.8273570236132275,2732.500554228476,150.79827908520667,1,0.001,1,0.85
100,100,13,109.09530005902799,1.3158913797452787,3584.2406727000994,158.8832153855809,1,0.001,1,0.85
100,100,7,95.38206437856252,2.4335025766425424,7949.0253624044235,156.24266042393765,1,0.001,1,0.85
100,100,7,125.10181254428193,10.580395812301347,2742.743889687771,163.13177471040285,1,0.001,1,0.85
100,100,7,133.71809485989965,3.0913944198651526,3616.0035282581393,154.80603134542545,1,0.001,1,0.85
100,100,10,115.93900654351695,6.99885654760919,7978.705428279395,163.457143622791,1,0.001,1,0.85
100,100,10,129.61103888068075,3.010250846646103,3625.0056873753147,161.90311762379594,1,0.001,1,0.85
100,100,9,140.8177360493578,6.176415560576719,3629.5067687685037,170.9292583454614,1,0.001,1,0.85
100,100,8,201.64812569266232,6.697732212189272,8008.38549612542,151.2084625607245,1,0.001,1,0.85
100,100,11,224.4227201858784,5.055966007618379,8018.278852509574,158.29036817793107,1,0.001,1,0.85
100,100,7,91.50129845835886,7.052667828793324,3643.010020249986,159.96326979367402,1,0.001,1,0.85
100,100,7,123.6944545574236,4.2195946917395935,3628.885919378493,159.93520788455194,1,0.001,1,0.85
100,100,9,144.28713852619038,7.596506155235482,8047.958922960968,163.73202119143525,1,0.001,1,0.85
100,100,8,232.93465376220917,1.4913025827784205,8057.852280209312,161.97762195099142,1,0.001,1,0.85
100,100,7,196.01479552968888,8.408489331965765,8067.745637672382,162.01203441142522,1,0.001,1,0.85
100,100,20,96.35481132050553,5.3906385787406075,8077.638995349651,165.22688734304745,1,0.001,1,0.85
100,100,7,111.43491484908384,5.451882210368733,3670.0165558037124,165.47657518682374,1,0.001,1,0.85
100,100,7,22.726215287939723,3.8828860009777433,3674.517649253009,169.56172142282304,1,0.001,1,0.85
100,100,8,115.75650364435785,6.388391921447722,3679.01874389173,167.21278493793795,1,0.001,1,0.85
100,100,7,121.5359616882148,2.0723501487055884,8117.212428190249,162.60565513453318,1,0.001,1,0.85
100,100,7,133.66036955195858,3.882120470560838,8127.1057869306715,157.3942641404945,1,0.001,1,0.85
100,100,7,163.31817441603116,6.756462329053167,8136.999145882171,171.7122386137766,1,0.001,1,0.85
100,100,7,147.93597396560094,3.6943307936266905,8146.892505044234,153.69605720736337,1,0.001,1,0.85
100,100,8,122.50872917417405,6.096361038377128,8156.785864416353,156.53775055690787,1,0.001,1,0.85
100,100,7,117.75837337418282,4.733990334747879,8166.67922399802,160.49597880959223,1,0.001,1,0.85
100,100,7,174.1794914146626,6.839274579743705,8176.572583788728,163.2155987180733,1,0.001,1,0.85
100,100,8,212.2815967717041,2.7815974820617924,3715.0275434739556,165.50502669410218,1,0.001,1,0.85
100,100,7,90.31186862666777,2.3325790835744384,8196.359303995247,158.73830189242,1,0.001,1,0.85
100,100,8,140.4275062716943,2.1040016681456755,8206.252664410054,162.3685469048764,1,0.001,1,0.85
100,100,7,147.18037716096308,5.477664382672989,8216.146025031889,165.45079260097745,1,0.001,1,0.85
100,100,8,136.5660228398906,5.666787518684454,8226.039385860251,160.99296936952715,1,0.001,1,0.85
100,100,8,193.96338013841157,6.855348807298238,8235.932746894641,168.25046135132087,1,0.001,1,0.85
100,100,8,132.75268260950654,5.813322184783016,3742.0341921159925,167.75084689758236,1,0.001,1,0.85
100,100,7,103.44217339914726,4.987984954132301,2845.1781963417975,164.84329291580264,1,0.001,1,0.85
100,100,8,137.45044476643562,5.98091346281686,3751.0364175351924,159.68257038568333,1,0.001,1,0.85
100,100,8,128.41286904918212,7.415681679965837,3755.53753195838,173.7922058497664,1,0.001,1,0.85
100,100,8,76.00257124362129,3.9050993620815406,8285.399555139811,165.0960653090982,1,0.001,1,0.85
100,100,9,79.36018047721188,5.749934900841872,3764.5397642183475,165.54284585912356,1,0.001,1,0.85
100,100,7,94.66103731990344,2.012317531179145,3769.0408820497164,164.93090445474712,1,0.001,1,0.85
100,100,7,189.50271465425644,1.8920711040422753,3753.893218455729,175.53017792051455,1,0.001,1,0.85
100,100,7,102.12885586451372,6.616492930892462,2869.0797756544744,167.15846290990638,1,0.001,1,0.85
100,100,8,137.68765278806453,5.666125829407548,3782.544242316818,158.92025424342165,1,0.001,1,0.85
100,100,8,56.13185403591075,7.613144640918003,8344.759731730883,159.75655495464412,1,0.001,1,0.85
100,100,7,147.92548179362444,9.513318905205981,3791.546488112135,161.4240672997425,1,0.001,1,0.85
100,100,7,136.9572972815169,6.14319448868785,8364.546458868022,165.09080312405524,1,0.001,1,0.85
100,100,8,172.5610943541964,6.034048247377266,8374.439822735727,172.59310395565632,1,0.001,1,0.85
100,100,6,175.57677640658179,1.3223002667866868,3805.0498651779794,168.4474078763788,1,0.001,1,0.85
100,100,7,145.8259052541687,3.9704418796401737,8394.226551067051,165.65143772183092,1,0.001,1,0.85
100,100,8,65.60072029017613,2.81381848935946,2795.3195197860273,175.08614648046725,1,0.001,1,0.85
100,100,7,126.33592372933245,2.734316142421898,3818.553252228324,171.22277942943447,1,0.001,1,0.85
100,100,8,118.7777346124946,7.841484970540687,8423.906645046849,177.06117231767337,1,0.001,1,0.85
100,100,8,164.53257006261163,5.798438264143028,8433.800010100338,181.36671199705603,1,0.001,1,0.85
100,100,8,112.43380598660222,5.215744761976958,8443.69337534983,166.32102032689988,1,0.001,1,0.85
100,100,9,140.30975024883483,6.425283124159705,8453.586740794872,173.00467184274882,1,0.001,1,0.85
100,100,10,160.2265408968649,5.1109258194922225,8463.480106435,164.28390388746953,1,0.001,1,0.85
100,100,7,208.7313558256123,4.806358325824248,3825.3263462055606,165.3278769674875,1,0.001,1,0.85
100,100,7,174.59348285988307,8.4531134470116,3829.7909256692046,167.53284152135083,1,0.001,1,0.85
100,100,11,154.68147419577542,5.716415906229809,8493.16020452137,170.95566638271498,1,0.001,1,0.85
100,100,21,257.1873242773836,5.978408572947434,8503.053570937318,177.5143365648849,1,0.001,1,0.85
100,100,9,201.07080057664427,1.0744072964381406,2801.531306938663,169.25874646502214,1,0.001,1,0.85
100,100,9,58.89614763255618,1.2187696596126858,3868.06575570625,167.4787120114384,1,0.001,1,0.85
100,100,7,239.6985178586158,6.840681972024537,8532.733671340355,174.4760863025254,1,0.001,1,0.85
100,100,9,212.949809981996,8.43447333495768,8542.62703852494,176.15479073122236,1,0.001,1,0.85
100,100,8,90.9231428007566,2.925342097320501,2845.9610733555032,171.9635077866301,1,0.001,1,0.85
100,100,9,176.77468502026744,3.9181547153985794,8562.413773466807,172.4951631494373,1,0.001,1,0.85
100,100,7,160.7101518451381,2.740607320741523,3869.972187423914,160.5729304494173,1,0.001,1,0.85
100,100,9,216.82728555627435,3.391561378665293,8582.200509169317,162.64744985067136,1,0.001,1,0.85
100,100,7,200.01692707213323,6.357579009063759,8592.09387730472,166.83015528711576,1,0.001,1,0.85
100,100,8,104.19929574225283,3.584977349517188,8601.987245628974,160.05054099034868,1,0.001,1,0.85
100,100,8,143.69800213793746,2.9604735496829213,3887.8305526061517,163.10688354733006,1,0.001,1,0.85
100,100,7,110.52363630439271,3.5849098936934496,2869.294645421839,169.71163022605137,1,0.001,1,0.85
100,100,7,104.44586877744833,1.493678667523221,3896.7597412708456,173.33774963531533,1,0.001,1,0.85
100,100,9,171.06314657118168,3.585437438630681,8641.560720805877,178.56985108078464,1,0.001,1,0.85
100,100,8,229.86894537387312,4.789517769873579,8651.454090067922,183.58596158345676,1,0.001,1,0.85
100,100,8,191.8011779407315,5.095986273307851,8661.347459516237,181.73142286011037,1,0.001,1,0.85
100,100,7,186.0514494738527,1.744165083012661,3935.583014630481,183.42671708981874,1,0.001,1,0.85
100,100,7,47.712318029625834,0.9420726227144737,8681.134198969969,183.12088283658494,1,0.001,1,0.85
100,100,9,146.47786835962708,7.084190278539782,8691.027568974536,180.1468626769557,1,0.001,1,0.85
100,100,7,256.16790033860246,8.640231089879101,8700.92093916368,176.70286408112997,1,0.001,1,0.85
100,100,16,37.041121440445714,2.0386382991412906,3953.587656756172,183.36338913451976,1,0.001,1,0.85
100,100,7,173.62827687151108,2.6602529971805673,8720.707680094023,179.86365232169493,1,0.001,1,0.85
100,100,7,146.81682512518137,2.53722051694177,8730.601050834392,175.3898714055594,1,0.001,1,0.85
100,100,7,161.8098570397442,4.846871024468138,3945.870350370501,177.00401782264302,1,0.001,1,0.85
100,100,9,192.1210413475486,4.590761168997661,3950.3349571295653,174.5834609225266,1,0.001,1,0.85
100,100,8,137.3258131354793,1.9487389253886338,8760.2811641513,184.61497883289144,1,0.001,1,0.85
100,100,9,113.52988289852915,4.982795893726816,8770.174535620828,173.59286789613915,1,0.001,1,0.85
100,100,9,106.06837443675889,3.923567948104978,3963.7287832715797,175.637773551721,1,0.001,1,0.85
100,100,9,61.12951031253886,4.597622993876156,3968.193393933186,177.77361514811867,1,0.001,1,0.85
100,100,9,139.25702791793373,8.633981257052913,8799.854651115336,178.75079004733678,1,0.001,1,0.85
100,100,6,156.3689995544904,4.403213115014249,8809.748023307457,169.29757649762797,1,0.001,1,0.85
100,100,10,151.3243851218026,2.0257909020592693,3981.5872317302183,186.8979696829755,1,0.001,1,0.85
100,100,9,82.83029277397874,4.111973524496946,3043.222422045044,175.0053250015565,1,0.001,1,0.85
100,100,7,102.0658261487174,6.0939259071168195,4012.102856464454,183.69919734061543,1,0.001,1,0.85
100,100,8,357.2934059265527,3.1600865685230337,8849.321513868283,179.3378117781897,1,0.001,1,0.85
100,100,8,126.46902663194895,5.703572932799336,2962.1437051231305,169.17837251252757,1,0.001,1,0.85
100,100,8,169.19132349270467,0.4460080749282357,8869.108260218509,170.45348029019794,1,0.001,1,0.85
100,100,9,44.67420183313545,3.0521766794418954,8879.00163365968,182.92531500682523,1,0.001,1,0.85
100,100,8,247.7349373217042,4.786123732871493,4034.6087476894527,172.6235582202151,1,0.001,1,0.85
100,100,9,138.78113416237488,5.428046162903458,3067.124689209494,164.70981941771777,1,0.001,1,0.85
100,100,9,177.7493080692197,1.9370718509681182,4043.6111111035393,169.18157155321342,1,0.001,1,0.85
100,100,10,144.18713066987607,4.073043188938083,4048.112294285498,172.2907685523605,1,0.001,1,0.85
100,100,10,191.3001960409901,2.4440839539915253,2970.927687882961,173.41540638545587,1,0.001,1,0.85
100,100,10,173.49538830230657,3.1383846626761462,4035.1626690679404,181.76364239899146,1,0.001,1,0.85
100,100,15,209.61444660950255,7.9527397678550384,8948.255252677574,181.19099017294772,1,0.001,1,0.85
100,100,9,87.70244028030206,2.5681352488901865,4044.0919218569734,183.874684346458,1,0.001,1,0.85
100,100,9,197.36182040882994,2.1781362807463736,8968.042002541282,180.46698846888526,1,0.001,1,0.85
100,100,9,105.31002370645794,4.908581057761216,4075.119413889789,179.36507295338765,1,0.001,1,0.85
100,100,7,172.9299625793704,5.4191340099098895,4079.620603889173,184.05942397275493,1,0.001,1,0.85
100,100,10,256.84146339314464,8.848529991561811,8997.722128636042,182.20451189530846,1,0.001,1,0.85
100,100,7,239.23784701383244,3.305460898625409,9007.615504345882,181.21807173736678,1,0.001,1,0.85
100,100,8,194.5803312049337,4.331382969482797,4070.8797025756035,172.9347086044923,1,0.001,1,0.85
100,100,9,156.98399519600082,2.854748090383017,9027.402256280677,195.37108290124215,1,0.001,1,0.85
100,100,8,51.017928280501174,3.7270610013536176,4079.8089702111847,177.8209767062841,1,0.001,1,0.85
100,100,7,88.27198727250061,4.72304804999509,4084.273605406625,181.78741290266092,1,0.001,1,0.85
100,100,7,120.75849709074416,7.4474237073487455,3036.6977607311987,182.6420832530515,1,0.001,1,0.85
100,100,7,26.886272837670035,5.194316615975797,4115.630158458269,190.60089160556612,1,0.001,1,0.85
100,100,9,126.15975792245595,5.43627232624072,9076.869139105009,186.32130403417744,1,0.001,1,0.85
100,100,9,196.06961401723453,3.4644649353803656,9086.76251617902,182.51582904647844,1,0.001,1,0.85
100,100,9,214.51276405890383,2.039035414904222,4129.133757130179,179.64823366483333,1,0.001,1,0.85
100,100,11,97.37510483756199,3.0895800976739727,4133.634958574951,186.50896750568268,1,0.001,1,0.85
100,100,7,173.61833302676442,2.66203963094237,9116.442648412696,186.06393449826413,1,0.001,1,0.85
100,100,10,137.54700536466817,4.981642675316385,9126.336026159912,185.56680765035142,1,0.001,1,0.85
100,100,7,134.67763434799505,5.469594472552156,9136.229404074516,184.88636384487384,1,0.001,1,0.85
100,100,7,159.15271076445038,8.443337144725685,4151.6397737366115,183.77106014231947,1,0.001,1,0.85
100,100,7,149.42084019713403,3.6972886862043133,4133.384652559608,178.90431821587782,1,0.001,1,0.85
100,100,7,214.72831135080355,5.775098463527271,9165.909538819047,180.93038201534893,1,0.001,1,0.85
100,100,8,240.23688798513763,1.0298402607454777,9175.8029173996,182.77404891009834,1,0.001,1,0.85
100,100,7,214.74237281198918,2.6047849543925325,9185.696296145748,190.6675849178431,1,0.001,1,0.85
100,100,7,120.47913934348847,3.5190818257571372,9195.589675057132,194.34831530120502,1,0.001,1,0.85
100,100,7,100.34835426761971,5.254907400442999,4178.647024404989,190.33587433193077,1,0.001,1,0.85
100,100,7,191.54237178133346,5.689758428849,4183.148236082054,197.7029972560036,1,0.001,1,0.85
100,100,8,275.8401765414259,3.2373620196743054,9225.269812779137,189.82593744354344,1,0.001,1,0.85
100,100,7,171.09988403213734,6.310492498050801,4169.101845865159,175.0311462832362,1,0.001,1,0.85
100,100,8,235.45400650699386,2.7077945197925652,4196.651876614661,188.95540331381181,1,0.001,1,0.85
100,100,7,277.98487476086257,3.443027455978919,4178.031153017934,183.7664867171667,1,0.001,1,0.85
100,100,8,258.1985119502888,3.885737725101751,9264.843332033635,186.8402024289697,1,0.001,1,0.85
100,100,8,158.17080399909761,2.749018699358201,4210.155525358288,189.12136944989916,1,0.001,1,0.85
100,100,7,100.00498225183907,2.563204743830048,4214.65674342178,189.04492014648554,1,0.001,1,0.85
100,100,8,239.81581843847576,6.92454897240205,4195.889777809694,192.24220188929618,1,0.001,1,0.85
100,100,7,140.01062618698634,3.04757383991653,9304.416853886923,189.83517405037804,1,0.001,1,0.85
100,100,7,66.0149204216375,8.105465842622674,9314.31023475372,188.14821401224208,1,0.001,1,0.85
100,100,7,318.1297763277962,4.640381555572642,9324.203615781218,187.5403153089731,1,0.001,1,0.85
100,100,10,240.08805744562693,1.6501033879600624,4237.162847269702,187.69589396299546,1,0.001,1,0.85
100,100,7,126.16923404804456,1.4886623865316975,4241.664070731927,189.0604447114274,1,0.001,1,0.85
100,100,7,113.33340526197395,3.6726145808460524,4246.165295087253,181.916448728914,1,0.001,1,0.85
100,100,7,201.05176052987773,5.823979981609133,9363.777141491424,181.56719777879027,1,0.001,1,0.85
100,100,8,62.01786276965228,5.227797090267316,4255.167746469646,197.67543302497972,1,0.001,1,0.85
100,100,8,73.67273390478941,6.192541300632101,3234.4426515009263,184.98591994354308,1,0.001,1,0.85
100,100,8,249.2553688790099,6.962255256921499,9393.457287444848,201.97547787546307,1,0.001,1,0.85
100,100,8,182.70874778927208,6.266401454051879,3241.2720306497813,193.89870454361215,1,0.001,1,0.85
100,100,7,159.16684075363492,4.71005397118684,9413.24405220439,179.7965595964853,1,0.001,1,0.85
100,100,8,71.71757112684394,5.51496938069846,4277.673890423687,182.6862816235997,1,0.001,1,0.85
100,100,7,168.05796137100336,4.3851945390689675,3251.516109921343,183.52489024673778,1,0.001,1,0.85
100,100,7,115.69549371858417,4.264142723243431,4286.676354165479,186.2000799082938,1,0.001,1,0.85
100,100,7,157.45763012755447,4.930744923726733,9452.81758360896,193.2046056508567,1,0.001,1,0.85
100,100,8,193.13872737987617,3.912896950329872,4271.789086642644,193.67270250507082,1,0.001,1,0.85
100,100,7,149.47932146838588,7.208133712396637,4300.180056332194,195.33919215321654,1,0.001,1,0.85
100,100,7,182.7233414862909,6.32013545321187,4304.681292128195,201.5616028471767,1,0.001,1,0.85
100,100,7,171.96978385047152,6.284048367223342,4309.182528791399,196.71471153699625,1,0.001,1,0.85
100,100,8,159.78390382376546,2.1881772701275928,9502.284501372857,200.6282429865273,1,0.001,1,0.85
100,100,8,320.1163391388477,3.302157710853999,9512.17788539015,196.25122767118785,1,0.001,1,0.85
100,100,7,188.05293033278133,1.2553790382188628,9522.071269561533,193.92702987498973,1,0.001,1,0.85
100,100,8,145.2925076886157,4.451695926995223,9531.964653886682,189.2504200477256,1,0.001,1,0.85
100,100,9,234.93356182731188,6.879246710989652,4307.506492689493,187.86860253672995,1,0.001,1,0.85
100,100,7,216.59653367964725,4.831699291249344,9551.751422997007,190.21198871394526,1,0.001,1,0.85
100,100,8,152.89983241413995,1.15604927732637,3295.9072645359693,196.1417326627555,1,0.001,1,0.85
100,100,7,219.83275750335065,2.024043723697875,9571.538192718579,200.10843262289225,1,0.001,1,0.85
100,100,7,136.5710267574565,3.197145784115836,4349.6936974884175,200.1984608451457,1,0.001,1,0.85
100,100,13,61.30570757174728,3.288732356815799,3207.5348113466625,199.7222234010485,1,0.001,1,0.85
100,100,8,162.42629593689858,4.9764062634763775,9601.218348441502,198.09223394978744,1,0.001,1,0.85
100,100,7,99.063865963055,5.606889631577693,4363.197435739834,192.03519256175562,1,0.001,1,0.85
100,100,8,270.3533686981939,6.1951370843600575,3217.4832598489784,194.6321899952102,1,0.001,1,0.85
100,100,7,42.36396079302173,3.5075905422590052,4372.199932131105,196.11139193682845,1,0.001,1,0.85
100,100,7,176.58016192234348,5.126188330228344,9640.791891521358,201.15597905746563,1,0.001,1,0.85
100,100,8,160.73821589522402,3.7827392597076157,9650.685277667104,200.36003519391318,1,0.001,1,0.85
100,100,7,317.08620936609395,4.545003875087712,9660.578663962546,191.980383793387,1,0.001,1,0.85
100,100,9,142.8195712579584,12.273436522247799,9670.472050407376,187.18144910414165,1,0.001,1,0.85
100,100,8,52.80988328657638,4.343969829144422,9680.365437001288,192.95580029463247,1,0.001,1,0.85
100,100,7,264.621661578924,0.48403157034973554,4399.207441426074,197.32006618452274,1,0.001,1,0.85
100,100,8,196.13655377519032,6.6606255451513245,9700.15221063514,193.3579847700027,1,0.001,1,0.85
100,100,8,228.83712428684967,2.013420366509033,9710.045597674474,194.42194873992588,1,0.001,1,0.85
100,100,9,151.47838271409734,5.180489012719578,9719.938984861681,197.89930166247706,1,0.001,1,0.85
100,100,8,125.42357156759365,5.83767902145267,4417.212464253471,194.85517710015984,1,0.001,1,0.85
100,100,9,196.664925250527,2.2170105746920745,9739.72575967851,201.37125958930255,1,0.001,1,0.85
100,100,10,247.75381308826104,5.757800471622114,9749.61914730753,209.66881982892866,1,0.001,1,0.85
100,100,10,172.76138548621816,4.7642822251430035,9759.512535083228,200.5009290736623,1,0.001,1,0.85
100,100,8,258.5405845550597,3.209769828622471,4435.217500259636,203.19247541370683,1,0.001,1,0.85
100,100,9,146.0772931133069,3.467947209756768,9779.29931107345,203.1483863463082,1,0.001,1,0.85
100,100,8,308.7883935228256,6.9342789450191935,4419.123722271735,195.87753591228457,1,0.001,1,0.85
100,100,8,156.08463121841245,7.036861562273694,4448.721285848509,205.0735042778011,1,0.001,1,0.85
100,100,8,214.08199526724178,2.679217004006771,9808.979476151417,190.94142486366752,1,0.001,1,0.85
100,100,9,119.45710127007115,5.078950333217687,3266.8006265702534,198.18024165875946,1,0.001,1,0.85
100,100,9,237.81405205134854,3.7826918908083167,4436.982525025081,198.24866281735194,1,0.001,1,0.85
100,100,10,161.08007002223468,5.72784748506256,3391.519755556225,195.23385110514477,1,0.001,1,0.85
100,100,9,135.08053788488635,5.030006749058292,3394.9345063609826,199.4128085492674,1,0.001,1,0.85
100,100,9,52.56720829520574,4.512870093035331,9858.446420842221,192.38324050152855,1,0.001,1,0.85
100,100,9,115.60575697295589,4.828215263575585,4480.230147234869,188.4203153964889,1,0.001,1,0.85
100,100,9,131.46059422745248,4.503376113076029,3286.704994504884,187.66584226610541,1,0.001,1,0.85
100,100,10,60.73765724702136,1.9313074736294396,9888.12658938047,207.64564583143695,1,0.001,1,0.85